Nível Territorial (Código),Nível Territorial,Unidade de Medida (Código),Unidade de Medida,Valor,Unidade da Federação (Código),Unidade da Federação,Trimestre (Código),Trimestre,Variável (Código),Variável,Finalidade da produção (Código),Finalidade da produção,Referência temporal (Código),Referência temporal
3,Unidade da Federação,1020,Unidades,668,35,São Paulo,198701,1º trimestre 1987,151,Número de informantes,72208,Total,115236,Total do trimestre
3,Unidade da Federação,24,Cabeças,25094932,35,São Paulo,198701,1º trimestre 1987,1988,Número de cabeças de galinhas poedeiras nos estabelecimentos agropecuários,72208,Total,115236,Total do trimestre
3,Unidade da Federação,23,Mil dúzias,125201,35,São Paulo,198701,1º trimestre 1987,29,Quantidade de ovos produzidos,72208,Total,115236,Total do trimestre
3,Unidade da Federação,1020,Unidades,666,35,São Paulo,198702,2º trimestre 1987,151,Número de informantes,72208,Total,115236,Total do trimestre
3,Unidade da Federação,24,Cabeças,24859621,35,São Paulo,198702,2º trimestre 1987,1988,Número de cabeças de galinhas poedeiras nos estabelecimentos agropecuários,72208,Total,115236,Total do trimestre
3,Unidade da Federação,23,Mil dúzias,124257,35,São Paulo,198702,2º trimestre 1987,29,Quantidade de ovos produzidos,72208,Total,115236,Total do trimestre
3,Unidade da Federação,1020,Unidades,664,35,São Paulo,198703,3º trimestre 1987,151,Número de informantes,72208,Total,115236,Total do trimestre
3,Unidade da Federação,24,Cabeças,24482885,35,São Paulo,198703,3º trimestre 1987,1988,Número de cabeças de galinhas poedeiras nos estabelecimentos agropecuários,72208,Total,115236,Total do trimestre
3,Unidade da Federação,23,Mil dúzias,125789,35,São Paulo,198703,3º trimestre 1987,29,Quantidade de ovos produzidos,72208,Total,115236,Total do trimestre
3,Unidade da Federação,1020,Unidades,661,35,São Paulo,198704,4º trimestre 1987,151,Número de informantes,72208,Total,115236,Total do trimestre
3,Unidade da Federação,24,Cabeças,23575637,35,São Paulo,198704,4º trimestre 1987,1988,Número de cabeças de galinhas poedeiras nos estabelecimentos agropecuários,72208,Total,115236,Total do trimestre
3,Unidade da Federação,23,Mil dúzias,123538,35,São Paulo,198704,4º trimestre 1987,29,Quantidade de ovos produzidos,72208,Total,115236,Total do trimestre
3,Unidade da Federação,1020,Unidades,704,35,São Paulo,198801,1º trimestre 1988,151,Número de informantes,72208,Total,115236,Total do trimestre
3,Unidade da Federação,24,Cabeças,24685951,35,São Paulo,198801,1º trimestre 1988,1988,Número de cabeças de galinhas poedeiras nos estabelecimentos agropecuários,72208,Total,115236,Total do trimestre
3,Unidade da Federação,23,Mil dúzias,126416,35,São Paulo,198801,1º trimestre 1988,29,Quantidade de ovos produzidos,72208,Total,115236,Total do trimestre
3,Unidade da Federação,1020,Unidades,695,35,São Paulo,198802,2º trimestre 1988,151,Número de informantes,72208,Total,115236,Total do trimestre
3,Unidade da Federação,24,Cabeças,25224572,35,São Paulo,198802,2º trimestre 1988,1988,Número de cabeças de galinhas poedeiras nos estabelecimentos agropecuários,72208,Total,115236,Total do trimestre
3,Unidade da Federação,23,Mil dúzias,132802,35,São Paulo,198802,2º trimestre 1988,29,Quantidade de ovos produzidos,72208,Total,115236,Total do trimestre
3,Unidade da Federação,1020,Unidades,698,35,São Paulo,198803,3º trimestre 1988,151,Número de informantes,72208,Total,115236,Total do trimestre
3,Unidade da Federação,24,Cabeças,24749861,35,São Paulo,198803,3º trimestre 1988,1988,Número de cabeças de galinhas poedeiras nos estabelecimentos agropecuários,72208,Total,115236,Total do trimestre
3,Unidade da Federação,23,Mil dúzias,129672,35,São Paulo,198803,3º trimestre 1988,29,Quantidade de ovos produzidos,72208,Total,115236,Total do trimestre
3,Unidade da Federação,1020,Unidades,694,35,São Paulo,198804,4º trimestre 1988,151,Número de informantes,72208,Total,115236,Total do trimestre
3,Unidade da Federação,24,Cabeças,24239922,35,São Paulo,198804,4º trimestre 1988,1988,Número de cabeças de galinhas poedeiras nos estabelecimentos agropecuários,72208,Total,115236,Total do trimestre
3,Unidade da Federação,23,Mil dúzias,127764,35,São Paulo,198804,4º trimestre 1988,29,Quantidade de ovos produzidos,72208,Total,115236,Total do trimestre
3,Unidade da Federação,1020,Unidades,678,35,São Paulo,198901,1º trimestre 1989,151,Número de informantes,72208,Total,115236,Total do trimestre
3,Unidade da Federação,24,Cabeças,23952355,35,São Paulo,198901,1º trimestre 1989,1988,Número de cabeças de galinhas poedeiras nos estabelecimentos agropecuários,72208,Total,115236,Total do trimestre
3,Unidade da Federação,23,Mil dúzias,122178,35,São Paulo,198901,1º trimestre 1989,29,Quantidade de ovos produzidos,72208,Total,115236,Total do trimestre
3,Unidade da Federação,1020,Unidades,680,35,São Paulo,198902,2º trimestre 1989,151,Número de informantes,72208,Total,115236,Total do trimestre
3,Unidade da Federação,24,Cabeças,24692668,35,São Paulo,198902,2º trimestre 1989,1988,Número de cabeças de galinhas poedeiras nos estabelecimentos agropecuários,72208,Total,115236,Total do trimestre
3,Unidade da Federação,23,Mil dúzias,127600,35,São Paulo,198902,2º trimestre 1989,29,Quantidade de ovos produzidos,72208,Total,115236,Total do trimestre
3,Unidade da Federação,1020,Unidades,683,35,São Paulo,198903,3º trimestre 1989,151,Número de informantes,72208,Total,115236,Total do trimestre
3,Unidade da Federação,24,Cabeças,25069464,35,São Paulo,198903,3º trimestre 1989,1988,Número de cabeças de galinhas poedeiras nos estabelecimentos agropecuários,72208,Total,115236,Total do trimestre
3,Unidade da Federação,23,Mil dúzias,128745,35,São Paulo,198903,3º trimestre 1989,29,Quantidade de ovos produzidos,72208,Total,115236,Total do trimestre
3,Unidade da Federação,1020,Unidades,677,35,São Paulo,198904,4º trimestre 1989,151,Número de informantes,72208,Total,115236,Total do trimestre
3,Unidade da Federação,24,Cabeças,25265502,35,São Paulo,198904,4º trimestre 1989,1988,Número de cabeças de galinhas poedeiras nos estabelecimentos agropecuários,72208,Total,115236,Total do trimestre
3,Unidade da Federação,23,Mil dúzias,130841,35,São Paulo,198904,4º trimestre 1989,29,Quantidade de ovos produzidos,72208,Total,115236,Total do trimestre
3,Unidade da Federação,1020,Unidades,670,35,São Paulo,199001,1º trimestre 1990,151,Número de informantes,72208,Total,115236,Total do trimestre
3,Unidade da Federação,24,Cabeças,24892438,35,São Paulo,199001,1º trimestre 1990,1988,Número de cabeças de galinhas poedeiras nos estabelecimentos agropecuários,72208,Total,115236,Total do trimestre
3,Unidade da Federação,23,Mil dúzias,126903,35,São Paulo,199001,1º trimestre 1990,29,Quantidade de ovos produzidos,72208,Total,115236,Total do trimestre
3,Unidade da Federação,1020,Unidades,674,35,São Paulo,199002,2º trimestre 1990,151,Número de informantes,72208,Total,115236,Total do trimestre
3,Unidade da Federação,24,Cabeças,25800355,35,São Paulo,199002,2º trimestre 1990,1988,Número de cabeças de galinhas poedeiras nos estabelecimentos agropecuários,72208,Total,115236,Total do trimestre
3,Unidade da Federação,23,Mil dúzias,132824,35,São Paulo,199002,2º trimestre 1990,29,Quantidade de ovos produzidos,72208,Total,115236,Total do trimestre
3,Unidade da Federação,1020,Unidades,684,35,São Paulo,199003,3º trimestre 1990,151,Número de informantes,72208,Total,115236,Total do trimestre
3,Unidade da Federação,24,Cabeças,26269914,35,São Paulo,199003,3º trimestre 1990,1988,Número de cabeças de galinhas poedeiras nos estabelecimentos agropecuários,72208,Total,115236,Total do trimestre
3,Unidade da Federação,23,Mil dúzias,136678,35,São Paulo,199003,3º trimestre 1990,29,Quantidade de ovos produzidos,72208,Total,115236,Total do trimestre
3,Unidade da Federação,1020,Unidades,676,35,São Paulo,199004,4º trimestre 1990,151,Número de informantes,72208,Total,115236,Total do trimestre
3,Unidade da Federação,24,Cabeças,25520477,35,São Paulo,199004,4º trimestre 1990,1988,Número de cabeças de galinhas poedeiras nos estabelecimentos agropecuários,72208,Total,115236,Total do trimestre
3,Unidade da Federação,23,Mil dúzias,134748,35,São Paulo,199004,4º trimestre 1990,29,Quantidade de ovos produzidos,72208,Total,115236,Total do trimestre
3,Unidade da Federação,1020,Unidades,677,35,São Paulo,199101,1º trimestre 1991,151,Número de informantes,72208,Total,115236,Total do trimestre
3,Unidade da Federação,24,Cabeças,26406895,35,São Paulo,199101,1º trimestre 1991,1988,Número de cabeças de galinhas poedeiras nos estabelecimentos agropecuários,72208,Total,115236,Total do trimestre
3,Unidade da Federação,23,Mil dúzias,135536,35,São Paulo,199101,1º trimestre 1991,29,Quantidade de ovos produzidos,72208,Total,115236,Total do trimestre
3,Unidade da Federação,1020,Unidades,672,35,São Paulo,199102,2º trimestre 1991,151,Número de informantes,72208,Total,115236,Total do trimestre
3,Unidade da Federação,24,Cabeças,27471483,35,São Paulo,199102,2º trimestre 1991,1988,Número de cabeças de galinhas poedeiras nos estabelecimentos agropecuários,72208,Total,115236,Total do trimestre
3,Unidade da Federação,23,Mil dúzias,142678,35,São Paulo,199102,2º trimestre 1991,29,Quantidade de ovos produzidos,72208,Total,115236,Total do trimestre
3,Unidade da Federação,1020,Unidades,678,35,São Paulo,199103,3º trimestre 1991,151,Número de informantes,72208,Total,115236,Total do trimestre
3,Unidade da Federação,24,Cabeças,27586717,35,São Paulo,199103,3º trimestre 1991,1988,Número de cabeças de galinhas poedeiras nos estabelecimentos agropecuários,72208,Total,115236,Total do trimestre
3,Unidade da Federação,23,Mil dúzias,145598,35,São Paulo,199103,3º trimestre 1991,29,Quantidade de ovos produzidos,72208,Total,115236,Total do trimestre
3,Unidade da Federação,1020,Unidades,670,35,São Paulo,199104,4º trimestre 1991,151,Número de informantes,72208,Total,115236,Total do trimestre
3,Unidade da Federação,24,Cabeças,26779613,35,São Paulo,199104,4º trimestre 1991,1988,Número de cabeças de galinhas poedeiras nos estabelecimentos agropecuários,72208,Total,115236,Total do trimestre
3,Unidade da Federação,23,Mil dúzias,141579,35,São Paulo,199104,4º trimestre 1991,29,Quantidade de ovos produzidos,72208,Total,115236,Total do trimestre
3,Unidade da Federação,1020,Unidades,665,35,São Paulo,199201,1º trimestre 1992,151,Número de informantes,72208,Total,115236,Total do trimestre
3,Unidade da Federação,24,Cabeças,26660786,35,São Paulo,199201,1º trimestre 1992,1988,Número de cabeças de galinhas poedeiras nos estabelecimentos agropecuários,72208,Total,115236,Total do trimestre
3,Unidade da Federação,23,Mil dúzias,139400,35,São Paulo,199201,1º trimestre 1992,29,Quantidade de ovos produzidos,72208,Total,115236,Total do trimestre
3,Unidade da Federação,1020,Unidades,660,35,São Paulo,199202,2º trimestre 1992,151,Número de informantes,72208,Total,115236,Total do trimestre
3,Unidade da Federação,24,Cabeças,27876148,35,São Paulo,199202,2º trimestre 1992,1988,Número de cabeças de galinhas poedeiras nos estabelecimentos agropecuários,72208,Total,115236,Total do trimestre
3,Unidade da Federação,23,Mil dúzias,143452,35,São Paulo,199202,2º trimestre 1992,29,Quantidade de ovos produzidos,72208,Total,115236,Total do trimestre
3,Unidade da Federação,1020,Unidades,655,35,São Paulo,199203,3º trimestre 1992,151,Número de informantes,72208,Total,115236,Total do trimestre
3,Unidade da Federação,24,Cabeças,28111011,35,São Paulo,199203,3º trimestre 1992,1988,Número de cabeças de galinhas poedeiras nos estabelecimentos agropecuários,72208,Total,115236,Total do trimestre
3,Unidade da Federação,23,Mil dúzias,146152,35,São Paulo,199203,3º trimestre 1992,29,Quantidade de ovos produzidos,72208,Total,115236,Total do trimestre
3,Unidade da Federação,1020,Unidades,646,35,São Paulo,199204,4º trimestre 1992,151,Número de informantes,72208,Total,115236,Total do trimestre
3,Unidade da Federação,24,Cabeças,27770948,35,São Paulo,199204,4º trimestre 1992,1988,Número de cabeças de galinhas poedeiras nos estabelecimentos agropecuários,72208,Total,115236,Total do trimestre
3,Unidade da Federação,23,Mil dúzias,145028,35,São Paulo,199204,4º trimestre 1992,29,Quantidade de ovos produzidos,72208,Total,115236,Total do trimestre
3,Unidade da Federação,1020,Unidades,632,35,São Paulo,199301,1º trimestre 1993,151,Número de informantes,72208,Total,115236,Total do trimestre
3,Unidade da Federação,24,Cabeças,27291148,35,São Paulo,199301,1º trimestre 1993,1988,Número de cabeças de galinhas poedeiras nos estabelecimentos agropecuários,72208,Total,115236,Total do trimestre
3,Unidade da Federação,23,Mil dúzias,141511,35,São Paulo,199301,1º trimestre 1993,29,Quantidade de ovos produzidos,72208,Total,115236,Total do trimestre
3,Unidade da Federação,1020,Unidades,634,35,São Paulo,199302,2º trimestre 1993,151,Número de informantes,72208,Total,115236,Total do trimestre
3,Unidade da Federação,24,Cabeças,27780616,35,São Paulo,199302,2º trimestre 1993,1988,Número de cabeças de galinhas poedeiras nos estabelecimentos agropecuários,72208,Total,115236,Total do trimestre
3,Unidade da Federação,23,Mil dúzias,143745,35,São Paulo,199302,2º trimestre 1993,29,Quantidade de ovos produzidos,72208,Total,115236,Total do trimestre
3,Unidade da Federação,1020,Unidades,637,35,São Paulo,199303,3º trimestre 1993,151,Número de informantes,72208,Total,115236,Total do trimestre
3,Unidade da Federação,24,Cabeças,28326307,35,São Paulo,199303,3º trimestre 1993,1988,Número de cabeças de galinhas poedeiras nos estabelecimentos agropecuários,72208,Total,115236,Total do trimestre
3,Unidade da Federação,23,Mil dúzias,144858,35,São Paulo,199303,3º trimestre 1993,29,Quantidade de ovos produzidos,72208,Total,115236,Total do trimestre
3,Unidade da Federação,1020,Unidades,626,35,São Paulo,199304,4º trimestre 1993,151,Número de informantes,72208,Total,115236,Total do trimestre
3,Unidade da Federação,24,Cabeças,27443056,35,São Paulo,199304,4º trimestre 1993,1988,Número de cabeças de galinhas poedeiras nos estabelecimentos agropecuários,72208,Total,115236,Total do trimestre
3,Unidade da Federação,23,Mil dúzias,144552,35,São Paulo,199304,4º trimestre 1993,29,Quantidade de ovos produzidos,72208,Total,115236,Total do trimestre
3,Unidade da Federação,1020,Unidades,620,35,São Paulo,199401,1º trimestre 1994,151,Número de informantes,72208,Total,115236,Total do trimestre
3,Unidade da Federação,24,Cabeças,27749979,35,São Paulo,199401,1º trimestre 1994,1988,Número de cabeças de galinhas poedeiras nos estabelecimentos agropecuários,72208,Total,115236,Total do trimestre
3,Unidade da Federação,23,Mil dúzias,142476,35,São Paulo,199401,1º trimestre 1994,29,Quantidade de ovos produzidos,72208,Total,115236,Total do trimestre
3,Unidade da Federação,1020,Unidades,617,35,São Paulo,199402,2º trimestre 1994,151,Número de informantes,72208,Total,115236,Total do trimestre
3,Unidade da Federação,24,Cabeças,28286069,35,São Paulo,199402,2º trimestre 1994,1988,Número de cabeças de galinhas poedeiras nos estabelecimentos agropecuários,72208,Total,115236,Total do trimestre
3,Unidade da Federação,23,Mil dúzias,146450,35,São Paulo,199402,2º trimestre 1994,29,Quantidade de ovos produzidos,72208,Total,115236,Total do trimestre
3,Unidade da Federação,1020,Unidades,611,35,São Paulo,199403,3º trimestre 1994,151,Número de informantes,72208,Total,115236,Total do trimestre
3,Unidade da Federação,24,Cabeças,28248911,35,São Paulo,199403,3º trimestre 1994,1988,Número de cabeças de galinhas poedeiras nos estabelecimentos agropecuários,72208,Total,115236,Total do trimestre
3,Unidade da Federação,23,Mil dúzias,147344,35,São Paulo,199403,3º trimestre 1994,29,Quantidade de ovos produzidos,72208,Total,115236,Total do trimestre
3,Unidade da Federação,1020,Unidades,606,35,São Paulo,199404,4º trimestre 1994,151,Número de informantes,72208,Total,115236,Total do trimestre
3,Unidade da Federação,24,Cabeças,27902953,35,São Paulo,199404,4º trimestre 1994,1988,Número de cabeças de galinhas poedeiras nos estabelecimentos agropecuários,72208,Total,115236,Total do trimestre
3,Unidade da Federação,23,Mil dúzias,149129,35,São Paulo,199404,4º trimestre 1994,29,Quantidade de ovos produzidos,72208,Total,115236,Total do trimestre
3,Unidade da Federação,1020,Unidades,611,35,São Paulo,199501,1º trimestre 1995,151,Número de informantes,72208,Total,115236,Total do trimestre
3,Unidade da Federação,24,Cabeças,28478193,35,São Paulo,199501,1º trimestre 1995,1988,Número de cabeças de galinhas poedeiras nos estabelecimentos agropecuários,72208,Total,115236,Total do trimestre
3,Unidade da Federação,23,Mil dúzias,147107,35,São Paulo,199501,1º trimestre 1995,29,Quantidade de ovos produzidos,72208,Total,115236,Total do trimestre
3,Unidade da Federação,1020,Unidades,609,35,São Paulo,199502,2º trimestre 1995,151,Número de informantes,72208,Total,115236,Total do trimestre
3,Unidade da Federação,24,Cabeças,28874163,35,São Paulo,199502,2º trimestre 1995,1988,Número de cabeças de galinhas poedeiras nos estabelecimentos agropecuários,72208,Total,115236,Total do trimestre
3,Unidade da Federação,23,Mil dúzias,151081,35,São Paulo,199502,2º trimestre 1995,29,Quantidade de ovos produzidos,72208,Total,115236,Total do trimestre
3,Unidade da Federação,1020,Unidades,604,35,São Paulo,199503,3º trimestre 1995,151,Número de informantes,72208,Total,115236,Total do trimestre
3,Unidade da Federação,24,Cabeças,27966282,35,São Paulo,199503,3º trimestre 1995,1988,Número de cabeças de galinhas poedeiras nos estabelecimentos agropecuários,72208,Total,115236,Total do trimestre
3,Unidade da Federação,23,Mil dúzias,150001,35,São Paulo,199503,3º trimestre 1995,29,Quantidade de ovos produzidos,72208,Total,115236,Total do trimestre
3,Unidade da Federação,1020,Unidades,596,35,São Paulo,199504,4º trimestre 1995,151,Número de informantes,72208,Total,115236,Total do trimestre
3,Unidade da Federação,24,Cabeças,28482015,35,São Paulo,199504,4º trimestre 1995,1988,Número de cabeças de galinhas poedeiras nos estabelecimentos agropecuários,72208,Total,115236,Total do trimestre
3,Unidade da Federação,23,Mil dúzias,148999,35,São Paulo,199504,4º trimestre 1995,29,Quantidade de ovos produzidos,72208,Total,115236,Total do trimestre
3,Unidade da Federação,1020,Unidades,585,35,São Paulo,199601,1º trimestre 1996,151,Número de informantes,72208,Total,115236,Total do trimestre
3,Unidade da Federação,24,Cabeças,27903169,35,São Paulo,199601,1º trimestre 1996,1988,Número de cabeças de galinhas poedeiras nos estabelecimentos agropecuários,72208,Total,115236,Total do trimestre
3,Unidade da Federação,23,Mil dúzias,138832,35,São Paulo,199601,1º trimestre 1996,29,Quantidade de ovos produzidos,72208,Total,115236,Total do trimestre
3,Unidade da Federação,1020,Unidades,582,35,São Paulo,199602,2º trimestre 1996,151,Número de informantes,72208,Total,115236,Total do trimestre
3,Unidade da Federação,24,Cabeças,28471006,35,São Paulo,199602,2º trimestre 1996,1988,Número de cabeças de galinhas poedeiras nos estabelecimentos agropecuários,72208,Total,115236,Total do trimestre
3,Unidade da Federação,23,Mil dúzias,149011,35,São Paulo,199602,2º trimestre 1996,29,Quantidade de ovos produzidos,72208,Total,115236,Total do trimestre
3,Unidade da Federação,1020,Unidades,573,35,São Paulo,199603,3º trimestre 1996,151,Número de informantes,72208,Total,115236,Total do trimestre
3,Unidade da Federação,24,Cabeças,28446804,35,São Paulo,199603,3º trimestre 1996,1988,Número de cabeças de galinhas poedeiras nos estabelecimentos agropecuários,72208,Total,115236,Total do trimestre
3,Unidade da Federação,23,Mil dúzias,150148,35,São Paulo,199603,3º trimestre 1996,29,Quantidade de ovos produzidos,72208,Total,115236,Total do trimestre
3,Unidade da Federação,1020,Unidades,569,35,São Paulo,199604,4º trimestre 1996,151,Número de informantes,72208,Total,115236,Total do trimestre
3,Unidade da Federação,24,Cabeças,28005562,35,São Paulo,199604,4º trimestre 1996,1988,Número de cabeças de galinhas poedeiras nos estabelecimentos agropecuários,72208,Total,115236,Total do trimestre
3,Unidade da Federação,23,Mil dúzias,147820,35,São Paulo,199604,4º trimestre 1996,29,Quantidade de ovos produzidos,72208,Total,115236,Total do trimestre
3,Unidade da Federação,1020,Unidades,559,35,São Paulo,199701,1º trimestre 1997,151,Número de informantes,72208,Total,115236,Total do trimestre
3,Unidade da Federação,24,Cabeças,27814719,35,São Paulo,199701,1º trimestre 1997,1988,Número de cabeças de galinhas poedeiras nos estabelecimentos agropecuários,72208,Total,115236,Total do trimestre
3,Unidade da Federação,23,Mil dúzias,144778,35,São Paulo,199701,1º trimestre 1997,29,Quantidade de ovos produzidos,72208,Total,115236,Total do trimestre
3,Unidade da Federação,1020,Unidades,535,35,São Paulo,199702,2º trimestre 1997,151,Número de informantes,72208,Total,115236,Total do trimestre
3,Unidade da Federação,24,Cabeças,27376194,35,São Paulo,199702,2º trimestre 1997,1988,Número de cabeças de galinhas poedeiras nos estabelecimentos agropecuários,72208,Total,115236,Total do trimestre
3,Unidade da Federação,23,Mil dúzias,142834,35,São Paulo,199702,2º trimestre 1997,29,Quantidade de ovos produzidos,72208,Total,115236,Total do trimestre
3,Unidade da Federação,1020,Unidades,552,35,São Paulo,199703,3º trimestre 1997,151,Número de informantes,72208,Total,115236,Total do trimestre
3,Unidade da Federação,24,Cabeças,27608225,35,São Paulo,199703,3º trimestre 1997,1988,Número de cabeças de galinhas poedeiras nos estabelecimentos agropecuários,72208,Total,115236,Total do trimestre
3,Unidade da Federação,23,Mil dúzias,148478,35,São Paulo,199703,3º trimestre 1997,29,Quantidade de ovos produzidos,72208,Total,115236,Total do trimestre
3,Unidade da Federação,1020,Unidades,513,35,São Paulo,199704,4º trimestre 1997,151,Número de informantes,72208,Total,115236,Total do trimestre
3,Unidade da Federação,24,Cabeças,26470041,35,São Paulo,199704,4º trimestre 1997,1988,Número de cabeças de galinhas poedeiras nos estabelecimentos agropecuários,72208,Total,115236,Total do trimestre
3,Unidade da Federação,23,Mil dúzias,143364,35,São Paulo,199704,4º trimestre 1997,29,Quantidade de ovos produzidos,72208,Total,115236,Total do trimestre
3,Unidade da Federação,1020,Unidades,536,35,São Paulo,199801,1º trimestre 1998,151,Número de informantes,72208,Total,115236,Total do trimestre
3,Unidade da Federação,24,Cabeças,27607169,35,São Paulo,199801,1º trimestre 1998,1988,Número de cabeças de galinhas poedeiras nos estabelecimentos agropecuários,72208,Total,115236,Total do trimestre
3,Unidade da Federação,23,Mil dúzias,144428,35,São Paulo,199801,1º trimestre 1998,29,Quantidade de ovos produzidos,72208,Total,115236,Total do trimestre
3,Unidade da Federação,1020,Unidades,525,35,São Paulo,199802,2º trimestre 1998,151,Número de informantes,72208,Total,115236,Total do trimestre
3,Unidade da Federação,24,Cabeças,27917387,35,São Paulo,199802,2º trimestre 1998,1988,Número de cabeças de galinhas poedeiras nos estabelecimentos agropecuários,72208,Total,115236,Total do trimestre
3,Unidade da Federação,23,Mil dúzias,149344,35,São Paulo,199802,2º trimestre 1998,29,Quantidade de ovos produzidos,72208,Total,115236,Total do trimestre
3,Unidade da Federação,1020,Unidades,532,35,São Paulo,199803,3º trimestre 1998,151,Número de informantes,72208,Total,115236,Total do trimestre
3,Unidade da Federação,24,Cabeças,28013659,35,São Paulo,199803,3º trimestre 1998,1988,Número de cabeças de galinhas poedeiras nos estabelecimentos agropecuários,72208,Total,115236,Total do trimestre
3,Unidade da Federação,23,Mil dúzias,152134,35,São Paulo,199803,3º trimestre 1998,29,Quantidade de ovos produzidos,72208,Total,115236,Total do trimestre
3,Unidade da Federação,1020,Unidades,526,35,São Paulo,199804,4º trimestre 1998,151,Número de informantes,72208,Total,115236,Total do trimestre
3,Unidade da Federação,24,Cabeças,28434958,35,São Paulo,199804,4º trimestre 1998,1988,Número de cabeças de galinhas poedeiras nos estabelecimentos agropecuários,72208,Total,115236,Total do trimestre
3,Unidade da Federação,23,Mil dúzias,150571,35,São Paulo,199804,4º trimestre 1998,29,Quantidade de ovos produzidos,72208,Total,115236,Total do trimestre
3,Unidade da Federação,1020,Unidades,553,35,São Paulo,199901,1º trimestre 1999,151,Número de informantes,72208,Total,115236,Total do trimestre
3,Unidade da Federação,24,Cabeças,29632190,35,São Paulo,199901,1º trimestre 1999,1988,Número de cabeças de galinhas poedeiras nos estabelecimentos agropecuários,72208,Total,115236,Total do trimestre
3,Unidade da Federação,23,Mil dúzias,155143,35,São Paulo,199901,1º trimestre 1999,29,Quantidade de ovos produzidos,72208,Total,115236,Total do trimestre
3,Unidade da Federação,1020,Unidades,544,35,São Paulo,199902,2º trimestre 1999,151,Número de informantes,72208,Total,115236,Total do trimestre
3,Unidade da Federação,24,Cabeças,30639600,35,São Paulo,199902,2º trimestre 1999,1988,Número de cabeças de galinhas poedeiras nos estabelecimentos agropecuários,72208,Total,115236,Total do trimestre
3,Unidade da Federação,23,Mil dúzias,159805,35,São Paulo,199902,2º trimestre 1999,29,Quantidade de ovos produzidos,72208,Total,115236,Total do trimestre
3,Unidade da Federação,1020,Unidades,540,35,São Paulo,199903,3º trimestre 1999,151,Número de informantes,72208,Total,115236,Total do trimestre
3,Unidade da Federação,24,Cabeças,30478026,35,São Paulo,199903,3º trimestre 1999,1988,Número de cabeças de galinhas poedeiras nos estabelecimentos agropecuários,72208,Total,115236,Total do trimestre
3,Unidade da Federação,23,Mil dúzias,159658,35,São Paulo,199903,3º trimestre 1999,29,Quantidade de ovos produzidos,72208,Total,115236,Total do trimestre
3,Unidade da Federação,1020,Unidades,529,35,São Paulo,199904,4º trimestre 1999,151,Número de informantes,72208,Total,115236,Total do trimestre
3,Unidade da Federação,24,Cabeças,29856950,35,São Paulo,199904,4º trimestre 1999,1988,Número de cabeças de galinhas poedeiras nos estabelecimentos agropecuários,72208,Total,115236,Total do trimestre
3,Unidade da Federação,23,Mil dúzias,157794,35,São Paulo,199904,4º trimestre 1999,29,Quantidade de ovos produzidos,72208,Total,115236,Total do trimestre
3,Unidade da Federação,1020,Unidades,527,35,São Paulo,200001,1º trimestre 2000,151,Número de informantes,72208,Total,115236,Total do trimestre
3,Unidade da Federação,24,Cabeças,31011075,35,São Paulo,200001,1º trimestre 2000,1988,Número de cabeças de galinhas poedeiras nos estabelecimentos agropecuários,72208,Total,115236,Total do trimestre
3,Unidade da Federação,23,Mil dúzias,163345,35,São Paulo,200001,1º trimestre 2000,29,Quantidade de ovos produzidos,72208,Total,115236,Total do trimestre
3,Unidade da Federação,1020,Unidades,519,35,São Paulo,200002,2º trimestre 2000,151,Número de informantes,72208,Total,115236,Total do trimestre
3,Unidade da Federação,24,Cabeças,31057564,35,São Paulo,200002,2º trimestre 2000,1988,Número de cabeças de galinhas poedeiras nos estabelecimentos agropecuários,72208,Total,115236,Total do trimestre
3,Unidade da Federação,23,Mil dúzias,163730,35,São Paulo,200002,2º trimestre 2000,29,Quantidade de ovos produzidos,72208,Total,115236,Total do trimestre
3,Unidade da Federação,1020,Unidades,508,35,São Paulo,200003,3º trimestre 2000,151,Número de informantes,72208,Total,115236,Total do trimestre
3,Unidade da Federação,24,Cabeças,29656884,35,São Paulo,200003,3º trimestre 2000,1988,Número de cabeças de galinhas poedeiras nos estabelecimentos agropecuários,72208,Total,115236,Total do trimestre
3,Unidade da Federação,23,Mil dúzias,163022,35,São Paulo,200003,3º trimestre 2000,29,Quantidade de ovos produzidos,72208,Total,115236,Total do trimestre
3,Unidade da Federação,1020,Unidades,501,35,São Paulo,200004,4º trimestre 2000,151,Número de informantes,72208,Total,115236,Total do trimestre
3,Unidade da Federação,24,Cabeças,30229236,35,São Paulo,200004,4º trimestre 2000,1988,Número de cabeças de galinhas poedeiras nos estabelecimentos agropecuários,72208,Total,115236,Total do trimestre
3,Unidade da Federação,23,Mil dúzias,163614,35,São Paulo,200004,4º trimestre 2000,29,Quantidade de ovos produzidos,72208,Total,115236,Total do trimestre
3,Unidade da Federação,1020,Unidades,429,35,São Paulo,200101,1º trimestre 2001,151,Número de informantes,72208,Total,115236,Total do trimestre
3,Unidade da Federação,24,Cabeças,28058368,35,São Paulo,200101,1º trimestre 2001,1988,Número de cabeças de galinhas poedeiras nos estabelecimentos agropecuários,72208,Total,115236,Total do trimestre
3,Unidade da Federação,23,Mil dúzias,147788,35,São Paulo,200101,1º trimestre 2001,29,Quantidade de ovos produzidos,72208,Total,115236,Total do trimestre
3,Unidade da Federação,1020,Unidades,494,35,São Paulo,200102,2º trimestre 2001,151,Número de informantes,72208,Total,115236,Total do trimestre
3,Unidade da Federação,24,Cabeças,30976276,35,São Paulo,200102,2º trimestre 2001,1988,Número de cabeças de galinhas poedeiras nos estabelecimentos agropecuários,72208,Total,115236,Total do trimestre
3,Unidade da Federação,23,Mil dúzias,163104,35,São Paulo,200102,2º trimestre 2001,29,Quantidade de ovos produzidos,72208,Total,115236,Total do trimestre
3,Unidade da Federação,1020,Unidades,495,35,São Paulo,200103,3º trimestre 2001,151,Número de informantes,72208,Total,115236,Total do trimestre
3,Unidade da Federação,24,Cabeças,31830484,35,São Paulo,200103,3º trimestre 2001,1988,Número de cabeças de galinhas poedeiras nos estabelecimentos agropecuários,72208,Total,115236,Total do trimestre
3,Unidade da Federação,23,Mil dúzias,169357,35,São Paulo,200103,3º trimestre 2001,29,Quantidade de ovos produzidos,72208,Total,115236,Total do trimestre
3,Unidade da Federação,1020,Unidades,487,35,São Paulo,200104,4º trimestre 2001,151,Número de informantes,72208,Total,115236,Total do trimestre
3,Unidade da Federação,24,Cabeças,31009563,35,São Paulo,200104,4º trimestre 2001,1988,Número de cabeças de galinhas poedeiras nos estabelecimentos agropecuários,72208,Total,115236,Total do trimestre
3,Unidade da Federação,23,Mil dúzias,168149,35,São Paulo,200104,4º trimestre 2001,29,Quantidade de ovos produzidos,72208,Total,115236,Total do trimestre
3,Unidade da Federação,1020,Unidades,503,35,São Paulo,200201,1º trimestre 2002,151,Número de informantes,72208,Total,115236,Total do trimestre
3,Unidade da Federação,24,Cabeças,31651156,35,São Paulo,200201,1º trimestre 2002,1988,Número de cabeças de galinhas poedeiras nos estabelecimentos agropecuários,72208,Total,115236,Total do trimestre
3,Unidade da Federação,23,Mil dúzias,163821,35,São Paulo,200201,1º trimestre 2002,29,Quantidade de ovos produzidos,72208,Total,115236,Total do trimestre
3,Unidade da Federação,1020,Unidades,503,35,São Paulo,200202,2º trimestre 2002,151,Número de informantes,72208,Total,115236,Total do trimestre
3,Unidade da Federação,24,Cabeças,30973685,35,São Paulo,200202,2º trimestre 2002,1988,Número de cabeças de galinhas poedeiras nos estabelecimentos agropecuários,72208,Total,115236,Total do trimestre
3,Unidade da Federação,23,Mil dúzias,163687,35,São Paulo,200202,2º trimestre 2002,29,Quantidade de ovos produzidos,72208,Total,115236,Total do trimestre
3,Unidade da Federação,1020,Unidades,498,35,São Paulo,200203,3º trimestre 2002,151,Número de informantes,72208,Total,115236,Total do trimestre
3,Unidade da Federação,24,Cabeças,30575221,35,São Paulo,200203,3º trimestre 2002,1988,Número de cabeças de galinhas poedeiras nos estabelecimentos agropecuários,72208,Total,115236,Total do trimestre
3,Unidade da Federação,23,Mil dúzias,164928,35,São Paulo,200203,3º trimestre 2002,29,Quantidade de ovos produzidos,72208,Total,115236,Total do trimestre
3,Unidade da Federação,1020,Unidades,498,35,São Paulo,200204,4º trimestre 2002,151,Número de informantes,72208,Total,115236,Total do trimestre
3,Unidade da Federação,24,Cabeças,29542500,35,São Paulo,200204,4º trimestre 2002,1988,Número de cabeças de galinhas poedeiras nos estabelecimentos agropecuários,72208,Total,115236,Total do trimestre
3,Unidade da Federação,23,Mil dúzias,160067,35,São Paulo,200204,4º trimestre 2002,29,Quantidade de ovos produzidos,72208,Total,115236,Total do trimestre
3,Unidade da Federação,1020,Unidades,483,35,São Paulo,200301,1º trimestre 2003,151,Número de informantes,72208,Total,115236,Total do trimestre
3,Unidade da Federação,24,Cabeças,29935005,35,São Paulo,200301,1º trimestre 2003,1988,Número de cabeças de galinhas poedeiras nos estabelecimentos agropecuários,72208,Total,115236,Total do trimestre
3,Unidade da Federação,23,Mil dúzias,156870,35,São Paulo,200301,1º trimestre 2003,29,Quantidade de ovos produzidos,72208,Total,115236,Total do trimestre
3,Unidade da Federação,1020,Unidades,480,35,São Paulo,200302,2º trimestre 2003,151,Número de informantes,72208,Total,115236,Total do trimestre
3,Unidade da Federação,24,Cabeças,30433387,35,São Paulo,200302,2º trimestre 2003,1988,Número de cabeças de galinhas poedeiras nos estabelecimentos agropecuários,72208,Total,115236,Total do trimestre
3,Unidade da Federação,23,Mil dúzias,163462,35,São Paulo,200302,2º trimestre 2003,29,Quantidade de ovos produzidos,72208,Total,115236,Total do trimestre
3,Unidade da Federação,1020,Unidades,487,35,São Paulo,200303,3º trimestre 2003,151,Número de informantes,72208,Total,115236,Total do trimestre
3,Unidade da Federação,24,Cabeças,30452381,35,São Paulo,200303,3º trimestre 2003,1988,Número de cabeças de galinhas poedeiras nos estabelecimentos agropecuários,72208,Total,115236,Total do trimestre
3,Unidade da Federação,23,Mil dúzias,166824,35,São Paulo,200303,3º trimestre 2003,29,Quantidade de ovos produzidos,72208,Total,115236,Total do trimestre
3,Unidade da Federação,1020,Unidades,482,35,São Paulo,200304,4º trimestre 2003,151,Número de informantes,72208,Total,115236,Total do trimestre
3,Unidade da Federação,24,Cabeças,30338710,35,São Paulo,200304,4º trimestre 2003,1988,Número de cabeças de galinhas poedeiras nos estabelecimentos agropecuários,72208,Total,115236,Total do trimestre
3,Unidade da Federação,23,Mil dúzias,164702,35,São Paulo,200304,4º trimestre 2003,29,Quantidade de ovos produzidos,72208,Total,115236,Total do trimestre
3,Unidade da Federação,1020,Unidades,492,35,São Paulo,200401,1º trimestre 2004,151,Número de informantes,72208,Total,115236,Total do trimestre
3,Unidade da Federação,24,Cabeças,30859056,35,São Paulo,200401,1º trimestre 2004,1988,Número de cabeças de galinhas poedeiras nos estabelecimentos agropecuários,72208,Total,115236,Total do trimestre
3,Unidade da Federação,23,Mil dúzias,164714,35,São Paulo,200401,1º trimestre 2004,29,Quantidade de ovos produzidos,72208,Total,115236,Total do trimestre
3,Unidade da Federação,1020,Unidades,503,35,São Paulo,200402,2º trimestre 2004,151,Número de informantes,72208,Total,115236,Total do trimestre
3,Unidade da Federação,24,Cabeças,31808396,35,São Paulo,200402,2º trimestre 2004,1988,Número de cabeças de galinhas poedeiras nos estabelecimentos agropecuários,72208,Total,115236,Total do trimestre
3,Unidade da Federação,23,Mil dúzias,169481,35,São Paulo,200402,2º trimestre 2004,29,Quantidade de ovos produzidos,72208,Total,115236,Total do trimestre
3,Unidade da Federação,1020,Unidades,496,35,São Paulo,200403,3º trimestre 2004,151,Número de informantes,72208,Total,115236,Total do trimestre
3,Unidade da Federação,24,Cabeças,31599672,35,São Paulo,200403,3º trimestre 2004,1988,Número de cabeças de galinhas poedeiras nos estabelecimentos agropecuários,72208,Total,115236,Total do trimestre
3,Unidade da Federação,23,Mil dúzias,171908,35,São Paulo,200403,3º trimestre 2004,29,Quantidade de ovos produzidos,72208,Total,115236,Total do trimestre
3,Unidade da Federação,1020,Unidades,487,35,São Paulo,200404,4º trimestre 2004,151,Número de informantes,72208,Total,115236,Total do trimestre
3,Unidade da Federação,24,Cabeças,31657818,35,São Paulo,200404,4º trimestre 2004,1988,Número de cabeças de galinhas poedeiras nos estabelecimentos agropecuários,72208,Total,115236,Total do trimestre
3,Unidade da Federação,23,Mil dúzias,172009,35,São Paulo,200404,4º trimestre 2004,29,Quantidade de ovos produzidos,72208,Total,115236,Total do trimestre
3,Unidade da Federação,1020,Unidades,480,35,São Paulo,200501,1º trimestre 2005,151,Número de informantes,72208,Total,115236,Total do trimestre
3,Unidade da Federação,24,Cabeças,31536343,35,São Paulo,200501,1º trimestre 2005,1988,Número de cabeças de galinhas poedeiras nos estabelecimentos agropecuários,72208,Total,115236,Total do trimestre
3,Unidade da Federação,23,Mil dúzias,167980,35,São Paulo,200501,1º trimestre 2005,29,Quantidade de ovos produzidos,72208,Total,115236,Total do trimestre
3,Unidade da Federação,1020,Unidades,490,35,São Paulo,200502,2º trimestre 2005,151,Número de informantes,72208,Total,115236,Total do trimestre
3,Unidade da Federação,24,Cabeças,32421286,35,São Paulo,200502,2º trimestre 2005,1988,Número de cabeças de galinhas poedeiras nos estabelecimentos agropecuários,72208,Total,115236,Total do trimestre
3,Unidade da Federação,23,Mil dúzias,172864,35,São Paulo,200502,2º trimestre 2005,29,Quantidade de ovos produzidos,72208,Total,115236,Total do trimestre
3,Unidade da Federação,1020,Unidades,495,35,São Paulo,200503,3º trimestre 2005,151,Número de informantes,72208,Total,115236,Total do trimestre
3,Unidade da Federação,24,Cabeças,32761770,35,São Paulo,200503,3º trimestre 2005,1988,Número de cabeças de galinhas poedeiras nos estabelecimentos agropecuários,72208,Total,115236,Total do trimestre
3,Unidade da Federação,23,Mil dúzias,178489,35,São Paulo,200503,3º trimestre 2005,29,Quantidade de ovos produzidos,72208,Total,115236,Total do trimestre
3,Unidade da Federação,1020,Unidades,491,35,São Paulo,200504,4º trimestre 2005,151,Número de informantes,72208,Total,115236,Total do trimestre
3,Unidade da Federação,24,Cabeças,32780652,35,São Paulo,200504,4º trimestre 2005,1988,Número de cabeças de galinhas poedeiras nos estabelecimentos agropecuários,72208,Total,115236,Total do trimestre
3,Unidade da Federação,23,Mil dúzias,176468,35,São Paulo,200504,4º trimestre 2005,29,Quantidade de ovos produzidos,72208,Total,115236,Total do trimestre
3,Unidade da Federação,1020,Unidades,486,35,São Paulo,200601,1º trimestre 2006,151,Número de informantes,72208,Total,115236,Total do trimestre
3,Unidade da Federação,24,Cabeças,32846710,35,São Paulo,200601,1º trimestre 2006,1988,Número de cabeças de galinhas poedeiras nos estabelecimentos agropecuários,72208,Total,115236,Total do trimestre
3,Unidade da Federação,23,Mil dúzias,173924,35,São Paulo,200601,1º trimestre 2006,29,Quantidade de ovos produzidos,72208,Total,115236,Total do trimestre
3,Unidade da Federação,1020,Unidades,475,35,São Paulo,200602,2º trimestre 2006,151,Número de informantes,72208,Total,115236,Total do trimestre
3,Unidade da Federação,24,Cabeças,33162062,35,São Paulo,200602,2º trimestre 2006,1988,Número de cabeças de galinhas poedeiras nos estabelecimentos agropecuários,72208,Total,115236,Total do trimestre
3,Unidade da Federação,23,Mil dúzias,177263,35,São Paulo,200602,2º trimestre 2006,29,Quantidade de ovos produzidos,72208,Total,115236,Total do trimestre
3,Unidade da Federação,1020,Unidades,474,35,São Paulo,200603,3º trimestre 2006,151,Número de informantes,72208,Total,115236,Total do trimestre
3,Unidade da Federação,24,Cabeças,32607238,35,São Paulo,200603,3º trimestre 2006,1988,Número de cabeças de galinhas poedeiras nos estabelecimentos agropecuários,72208,Total,115236,Total do trimestre
3,Unidade da Federação,23,Mil dúzias,180573,35,São Paulo,200603,3º trimestre 2006,29,Quantidade de ovos produzidos,72208,Total,115236,Total do trimestre
3,Unidade da Federação,1020,Unidades,463,35,São Paulo,200604,4º trimestre 2006,151,Número de informantes,72208,Total,115236,Total do trimestre
3,Unidade da Federação,24,Cabeças,31917815,35,São Paulo,200604,4º trimestre 2006,1988,Número de cabeças de galinhas poedeiras nos estabelecimentos agropecuários,72208,Total,115236,Total do trimestre
3,Unidade da Federação,23,Mil dúzias,175396,35,São Paulo,200604,4º trimestre 2006,29,Quantidade de ovos produzidos,72208,Total,115236,Total do trimestre
3,Unidade da Federação,1020,Unidades,456,35,São Paulo,200701,1º trimestre 2007,151,Número de informantes,72208,Total,115236,Total do trimestre
3,Unidade da Federação,24,Cabeças,32757835,35,São Paulo,200701,1º trimestre 2007,1988,Número de cabeças de galinhas poedeiras nos estabelecimentos agropecuários,72208,Total,115236,Total do trimestre
3,Unidade da Federação,23,Mil dúzias,173413,35,São Paulo,200701,1º trimestre 2007,29,Quantidade de ovos produzidos,72208,Total,115236,Total do trimestre
3,Unidade da Federação,1020,Unidades,455,35,São Paulo,200702,2º trimestre 2007,151,Número de informantes,72208,Total,115236,Total do trimestre
3,Unidade da Federação,24,Cabeças,33344279,35,São Paulo,200702,2º trimestre 2007,1988,Número de cabeças de galinhas poedeiras nos estabelecimentos agropecuários,72208,Total,115236,Total do trimestre
3,Unidade da Federação,23,Mil dúzias,179177,35,São Paulo,200702,2º trimestre 2007,29,Quantidade de ovos produzidos,72208,Total,115236,Total do trimestre
3,Unidade da Federação,1020,Unidades,449,35,São Paulo,200703,3º trimestre 2007,151,Número de informantes,72208,Total,115236,Total do trimestre
3,Unidade da Federação,24,Cabeças,32320452,35,São Paulo,200703,3º trimestre 2007,1988,Número de cabeças de galinhas poedeiras nos estabelecimentos agropecuários,72208,Total,115236,Total do trimestre
3,Unidade da Federação,23,Mil dúzias,175390,35,São Paulo,200703,3º trimestre 2007,29,Quantidade de ovos produzidos,72208,Total,115236,Total do trimestre
3,Unidade da Federação,1020,Unidades,450,35,São Paulo,200704,4º trimestre 2007,151,Número de informantes,72208,Total,115236,Total do trimestre
3,Unidade da Federação,24,Cabeças,32522389,35,São Paulo,200704,4º trimestre 2007,1988,Número de cabeças de galinhas poedeiras nos estabelecimentos agropecuários,72208,Total,115236,Total do trimestre
3,Unidade da Federação,23,Mil dúzias,178537,35,São Paulo,200704,4º trimestre 2007,29,Quantidade de ovos produzidos,72208,Total,115236,Total do trimestre
3,Unidade da Federação,1020,Unidades,447,35,São Paulo,200801,1º trimestre 2008,151,Número de informantes,72208,Total,115236,Total do trimestre
3,Unidade da Federação,24,Cabeças,33571589,35,São Paulo,200801,1º trimestre 2008,1988,Número de cabeças de galinhas poedeiras nos estabelecimentos agropecuários,72208,Total,115236,Total do trimestre
3,Unidade da Federação,23,Mil dúzias,177330,35,São Paulo,200801,1º trimestre 2008,29,Quantidade de ovos produzidos,72208,Total,115236,Total do trimestre
3,Unidade da Federação,1020,Unidades,450,35,São Paulo,200802,2º trimestre 2008,151,Número de informantes,72208,Total,115236,Total do trimestre
3,Unidade da Federação,24,Cabeças,33480405,35,São Paulo,200802,2º trimestre 2008,1988,Número de cabeças de galinhas poedeiras nos estabelecimentos agropecuários,72208,Total,115236,Total do trimestre
3,Unidade da Federação,23,Mil dúzias,180463,35,São Paulo,200802,2º trimestre 2008,29,Quantidade de ovos produzidos,72208,Total,115236,Total do trimestre
3,Unidade da Federação,1020,Unidades,445,35,São Paulo,200803,3º trimestre 2008,151,Número de informantes,72208,Total,115236,Total do trimestre
3,Unidade da Federação,24,Cabeças,33731285,35,São Paulo,200803,3º trimestre 2008,1988,Número de cabeças de galinhas poedeiras nos estabelecimentos agropecuários,72208,Total,115236,Total do trimestre
3,Unidade da Federação,23,Mil dúzias,184195,35,São Paulo,200803,3º trimestre 2008,29,Quantidade de ovos produzidos,72208,Total,115236,Total do trimestre
3,Unidade da Federação,1020,Unidades,444,35,São Paulo,200804,4º trimestre 2008,151,Número de informantes,72208,Total,115236,Total do trimestre
3,Unidade da Federação,24,Cabeças,32957481,35,São Paulo,200804,4º trimestre 2008,1988,Número de cabeças de galinhas poedeiras nos estabelecimentos agropecuários,72208,Total,115236,Total do trimestre
3,Unidade da Federação,23,Mil dúzias,181893,35,São Paulo,200804,4º trimestre 2008,29,Quantidade de ovos produzidos,72208,Total,115236,Total do trimestre
3,Unidade da Federação,1020,Unidades,436,35,São Paulo,200901,1º trimestre 2009,151,Número de informantes,72208,Total,115236,Total do trimestre
3,Unidade da Federação,24,Cabeças,32928085,35,São Paulo,200901,1º trimestre 2009,1988,Número de cabeças de galinhas poedeiras nos estabelecimentos agropecuários,72208,Total,115236,Total do trimestre
3,Unidade da Federação,23,Mil dúzias,179945,35,São Paulo,200901,1º trimestre 2009,29,Quantidade de ovos produzidos,72208,Total,115236,Total do trimestre
3,Unidade da Federação,1020,Unidades,428,35,São Paulo,200902,2º trimestre 2009,151,Número de informantes,72208,Total,115236,Total do trimestre
3,Unidade da Federação,24,Cabeças,32976680,35,São Paulo,200902,2º trimestre 2009,1988,Número de cabeças de galinhas poedeiras nos estabelecimentos agropecuários,72208,Total,115236,Total do trimestre
3,Unidade da Federação,23,Mil dúzias,182240,35,São Paulo,200902,2º trimestre 2009,29,Quantidade de ovos produzidos,72208,Total,115236,Total do trimestre
3,Unidade da Federação,1020,Unidades,421,35,São Paulo,200903,3º trimestre 2009,151,Número de informantes,72208,Total,115236,Total do trimestre
3,Unidade da Federação,24,Cabeças,32343475,35,São Paulo,200903,3º trimestre 2009,1988,Número de cabeças de galinhas poedeiras nos estabelecimentos agropecuários,72208,Total,115236,Total do trimestre
3,Unidade da Federação,23,Mil dúzias,180197,35,São Paulo,200903,3º trimestre 2009,29,Quantidade de ovos produzidos,72208,Total,115236,Total do trimestre
3,Unidade da Federação,1020,Unidades,415,35,São Paulo,200904,4º trimestre 2009,151,Número de informantes,72208,Total,115236,Total do trimestre
3,Unidade da Federação,24,Cabeças,33000808,35,São Paulo,200904,4º trimestre 2009,1988,Número de cabeças de galinhas poedeiras nos estabelecimentos agropecuários,72208,Total,115236,Total do trimestre
3,Unidade da Federação,23,Mil dúzias,181257,35,São Paulo,200904,4º trimestre 2009,29,Quantidade de ovos produzidos,72208,Total,115236,Total do trimestre
3,Unidade da Federação,1020,Unidades,407,35,São Paulo,201001,1º trimestre 2010,151,Número de informantes,72208,Total,115236,Total do trimestre
3,Unidade da Federação,24,Cabeças,34876949,35,São Paulo,201001,1º trimestre 2010,1988,Número de cabeças de galinhas poedeiras nos estabelecimentos agropecuários,72208,Total,115236,Total do trimestre
3,Unidade da Federação,23,Mil dúzias,181456,35,São Paulo,201001,1º trimestre 2010,29,Quantidade de ovos produzidos,72208,Total,115236,Total do trimestre
3,Unidade da Federação,1020,Unidades,403,35,São Paulo,201002,2º trimestre 2010,151,Número de informantes,72208,Total,115236,Total do trimestre
3,Unidade da Federação,24,Cabeças,34166864,35,São Paulo,201002,2º trimestre 2010,1988,Número de cabeças de galinhas poedeiras nos estabelecimentos agropecuários,72208,Total,115236,Total do trimestre
3,Unidade da Federação,23,Mil dúzias,186562,35,São Paulo,201002,2º trimestre 2010,29,Quantidade de ovos produzidos,72208,Total,115236,Total do trimestre
3,Unidade da Federação,1020,Unidades,405,35,São Paulo,201003,3º trimestre 2010,151,Número de informantes,72208,Total,115236,Total do trimestre
3,Unidade da Federação,24,Cabeças,35075806,35,São Paulo,201003,3º trimestre 2010,1988,Número de cabeças de galinhas poedeiras nos estabelecimentos agropecuários,72208,Total,115236,Total do trimestre
3,Unidade da Federação,23,Mil dúzias,193772,35,São Paulo,201003,3º trimestre 2010,29,Quantidade de ovos produzidos,72208,Total,115236,Total do trimestre
3,Unidade da Federação,1020,Unidades,399,35,São Paulo,201004,4º trimestre 2010,151,Número de informantes,72208,Total,115236,Total do trimestre
3,Unidade da Federação,24,Cabeças,34723078,35,São Paulo,201004,4º trimestre 2010,1988,Número de cabeças de galinhas poedeiras nos estabelecimentos agropecuários,72208,Total,115236,Total do trimestre
3,Unidade da Federação,23,Mil dúzias,187861,35,São Paulo,201004,4º trimestre 2010,29,Quantidade de ovos produzidos,72208,Total,115236,Total do trimestre
3,Unidade da Federação,1020,Unidades,386,35,São Paulo,201101,1º trimestre 2011,151,Número de informantes,72208,Total,115236,Total do trimestre
3,Unidade da Federação,24,Cabeças,34157644,35,São Paulo,201101,1º trimestre 2011,1988,Número de cabeças de galinhas poedeiras nos estabelecimentos agropecuários,72208,Total,115236,Total do trimestre
3,Unidade da Federação,23,Mil dúzias,178558,35,São Paulo,201101,1º trimestre 2011,29,Quantidade de ovos produzidos,72208,Total,115236,Total do trimestre
3,Unidade da Federação,1020,Unidades,383,35,São Paulo,201102,2º trimestre 2011,151,Número de informantes,72208,Total,115236,Total do trimestre
3,Unidade da Federação,24,Cabeças,33710174,35,São Paulo,201102,2º trimestre 2011,1988,Número de cabeças de galinhas poedeiras nos estabelecimentos agropecuários,72208,Total,115236,Total do trimestre
3,Unidade da Federação,23,Mil dúzias,182240,35,São Paulo,201102,2º trimestre 2011,29,Quantidade de ovos produzidos,72208,Total,115236,Total do trimestre
3,Unidade da Federação,1020,Unidades,369,35,São Paulo,201103,3º trimestre 2011,151,Número de informantes,72208,Total,115236,Total do trimestre
3,Unidade da Federação,24,Cabeças,34971270,35,São Paulo,201103,3º trimestre 2011,1988,Número de cabeças de galinhas poedeiras nos estabelecimentos agropecuários,72208,Total,115236,Total do trimestre
3,Unidade da Federação,23,Mil dúzias,192829,35,São Paulo,201103,3º trimestre 2011,29,Quantidade de ovos produzidos,72208,Total,115236,Total do trimestre
3,Unidade da Federação,1020,Unidades,373,35,São Paulo,201104,4º trimestre 2011,151,Número de informantes,72208,Total,115236,Total do trimestre
3,Unidade da Federação,24,Cabeças,35232482,35,São Paulo,201104,4º trimestre 2011,1988,Número de cabeças de galinhas poedeiras nos estabelecimentos agropecuários,72208,Total,115236,Total do trimestre
3,Unidade da Federação,23,Mil dúzias,195284,35,São Paulo,201104,4º trimestre 2011,29,Quantidade de ovos produzidos,72208,Total,115236,Total do trimestre
3,Unidade da Federação,1020,Unidades,391,35,São Paulo,201201,1º trimestre 2012,151,Número de informantes,72208,Total,115236,Total do trimestre
3,Unidade da Federação,24,Cabeças,35813819,35,São Paulo,201201,1º trimestre 2012,1988,Número de cabeças de galinhas poedeiras nos estabelecimentos agropecuários,72208,Total,115236,Total do trimestre
3,Unidade da Federação,23,Mil dúzias,196734,35,São Paulo,201201,1º trimestre 2012,29,Quantidade de ovos produzidos,72208,Total,115236,Total do trimestre
3,Unidade da Federação,1020,Unidades,384,35,São Paulo,201202,2º trimestre 2012,151,Número de informantes,72208,Total,115236,Total do trimestre
3,Unidade da Federação,24,Cabeças,36863050,35,São Paulo,201202,2º trimestre 2012,1988,Número de cabeças de galinhas poedeiras nos estabelecimentos agropecuários,72208,Total,115236,Total do trimestre
3,Unidade da Federação,23,Mil dúzias,201709,35,São Paulo,201202,2º trimestre 2012,29,Quantidade de ovos produzidos,72208,Total,115236,Total do trimestre
3,Unidade da Federação,1020,Unidades,380,35,São Paulo,201203,3º trimestre 2012,151,Número de informantes,72208,Total,115236,Total do trimestre
3,Unidade da Federação,24,Cabeças,36696112,35,São Paulo,201203,3º trimestre 2012,1988,Número de cabeças de galinhas poedeiras nos estabelecimentos agropecuários,72208,Total,115236,Total do trimestre
3,Unidade da Federação,23,Mil dúzias,203117,35,São Paulo,201203,3º trimestre 2012,29,Quantidade de ovos produzidos,72208,Total,115236,Total do trimestre
3,Unidade da Federação,1020,Unidades,374,35,São Paulo,201204,4º trimestre 2012,151,Número de informantes,72208,Total,115236,Total do trimestre
3,Unidade da Federação,24,Cabeças,34256636,35,São Paulo,201204,4º trimestre 2012,1988,Número de cabeças de galinhas poedeiras nos estabelecimentos agropecuários,72208,Total,115236,Total do trimestre
3,Unidade da Federação,23,Mil dúzias,187692,35,São Paulo,201204,4º trimestre 2012,29,Quantidade de ovos produzidos,72208,Total,115236,Total do trimestre
3,Unidade da Federação,1020,Unidades,376,35,São Paulo,201301,1º trimestre 2013,151,Número de informantes,72208,Total,115236,Total do trimestre
3,Unidade da Federação,24,Cabeças,36217438,35,São Paulo,201301,1º trimestre 2013,1988,Número de cabeças de galinhas poedeiras nos estabelecimentos agropecuários,72208,Total,115236,Total do trimestre
3,Unidade da Federação,23,Mil dúzias,196437,35,São Paulo,201301,1º trimestre 2013,29,Quantidade de ovos produzidos,72208,Total,115236,Total do trimestre
3,Unidade da Federação,1020,Unidades,388,35,São Paulo,201302,2º trimestre 2013,151,Número de informantes,72208,Total,115236,Total do trimestre
3,Unidade da Federação,24,Cabeças,38163817,35,São Paulo,201302,2º trimestre 2013,1988,Número de cabeças de galinhas poedeiras nos estabelecimentos agropecuários,72208,Total,115236,Total do trimestre
3,Unidade da Federação,23,Mil dúzias,202931,35,São Paulo,201302,2º trimestre 2013,29,Quantidade de ovos produzidos,72208,Total,115236,Total do trimestre
3,Unidade da Federação,1020,Unidades,385,35,São Paulo,201303,3º trimestre 2013,151,Número de informantes,72208,Total,115236,Total do trimestre
3,Unidade da Federação,24,Cabeças,38645787,35,São Paulo,201303,3º trimestre 2013,1988,Número de cabeças de galinhas poedeiras nos estabelecimentos agropecuários,72208,Total,115236,Total do trimestre
3,Unidade da Federação,23,Mil dúzias,208924,35,São Paulo,201303,3º trimestre 2013,29,Quantidade de ovos produzidos,72208,Total,115236,Total do trimestre
3,Unidade da Federação,1020,Unidades,380,35,São Paulo,201304,4º trimestre 2013,151,Número de informantes,72208,Total,115236,Total do trimestre
3,Unidade da Federação,24,Cabeças,39338690,35,São Paulo,201304,4º trimestre 2013,1988,Número de cabeças de galinhas poedeiras nos estabelecimentos agropecuários,72208,Total,115236,Total do trimestre
3,Unidade da Federação,23,Mil dúzias,210856,35,São Paulo,201304,4º trimestre 2013,29,Quantidade de ovos produzidos,72208,Total,115236,Total do trimestre
3,Unidade da Federação,1020,Unidades,384,35,São Paulo,201401,1º trimestre 2014,151,Número de informantes,72208,Total,115236,Total do trimestre
3,Unidade da Federação,24,Cabeças,38514355,35,São Paulo,201401,1º trimestre 2014,1988,Número de cabeças de galinhas poedeiras nos estabelecimentos agropecuários,72208,Total,115236,Total do trimestre
3,Unidade da Federação,23,Mil dúzias,204385,35,São Paulo,201401,1º trimestre 2014,29,Quantidade de ovos produzidos,72208,Total,115236,Total do trimestre
3,Unidade da Federação,1020,Unidades,390,35,São Paulo,201402,2º trimestre 2014,151,Número de informantes,72208,Total,115236,Total do trimestre
3,Unidade da Federação,24,Cabeças,39639547,35,São Paulo,201402,2º trimestre 2014,1988,Número de cabeças de galinhas poedeiras nos estabelecimentos agropecuários,72208,Total,115236,Total do trimestre
3,Unidade da Federação,23,Mil dúzias,211349,35,São Paulo,201402,2º trimestre 2014,29,Quantidade de ovos produzidos,72208,Total,115236,Total do trimestre
3,Unidade da Federação,1020,Unidades,386,35,São Paulo,201403,3º trimestre 2014,151,Número de informantes,72208,Total,115236,Total do trimestre
3,Unidade da Federação,24,Cabeças,39374920,35,São Paulo,201403,3º trimestre 2014,1988,Número de cabeças de galinhas poedeiras nos estabelecimentos agropecuários,72208,Total,115236,Total do trimestre
3,Unidade da Federação,23,Mil dúzias,218138,35,São Paulo,201403,3º trimestre 2014,29,Quantidade de ovos produzidos,72208,Total,115236,Total do trimestre
3,Unidade da Federação,1020,Unidades,384,35,São Paulo,201404,4º trimestre 2014,151,Número de informantes,72208,Total,115236,Total do trimestre
3,Unidade da Federação,24,Cabeças,39009163,35,São Paulo,201404,4º trimestre 2014,1988,Número de cabeças de galinhas poedeiras nos estabelecimentos agropecuários,72208,Total,115236,Total do trimestre
3,Unidade da Federação,23,Mil dúzias,215223,35,São Paulo,201404,4º trimestre 2014,29,Quantidade de ovos produzidos,72208,Total,115236,Total do trimestre
3,Unidade da Federação,1020,Unidades,385,35,São Paulo,201501,1º trimestre 2015,151,Número de informantes,72208,Total,115236,Total do trimestre
3,Unidade da Federação,24,Cabeças,39463455,35,São Paulo,201501,1º trimestre 2015,1988,Número de cabeças de galinhas poedeiras nos estabelecimentos agropecuários,72208,Total,115236,Total do trimestre
3,Unidade da Federação,23,Mil dúzias,208850,35,São Paulo,201501,1º trimestre 2015,29,Quantidade de ovos produzidos,72208,Total,115236,Total do trimestre
3,Unidade da Federação,1020,Unidades,382,35,São Paulo,201502,2º trimestre 2015,151,Número de informantes,72208,Total,115236,Total do trimestre
3,Unidade da Federação,24,Cabeças,39830575,35,São Paulo,201502,2º trimestre 2015,1988,Número de cabeças de galinhas poedeiras nos estabelecimentos agropecuários,72208,Total,115236,Total do trimestre
3,Unidade da Federação,23,Mil dúzias,212834,35,São Paulo,201502,2º trimestre 2015,29,Quantidade de ovos produzidos,72208,Total,115236,Total do trimestre
3,Unidade da Federação,1020,Unidades,380,35,São Paulo,201503,3º trimestre 2015,151,Número de informantes,72208,Total,115236,Total do trimestre
3,Unidade da Federação,24,Cabeças,39908359,35,São Paulo,201503,3º trimestre 2015,1988,Número de cabeças de galinhas poedeiras nos estabelecimentos agropecuários,72208,Total,115236,Total do trimestre
3,Unidade da Federação,23,Mil dúzias,221530,35,São Paulo,201503,3º trimestre 2015,29,Quantidade de ovos produzidos,72208,Total,115236,Total do trimestre
3,Unidade da Federação,1020,Unidades,380,35,São Paulo,201504,4º trimestre 2015,151,Número de informantes,72208,Total,115236,Total do trimestre
3,Unidade da Federação,24,Cabeças,39573184,35,São Paulo,201504,4º trimestre 2015,1988,Número de cabeças de galinhas poedeiras nos estabelecimentos agropecuários,72208,Total,115236,Total do trimestre
3,Unidade da Federação,23,Mil dúzias,221144,35,São Paulo,201504,4º trimestre 2015,29,Quantidade de ovos produzidos,72208,Total,115236,Total do trimestre
3,Unidade da Federação,1020,Unidades,382,35,São Paulo,201601,1º trimestre 2016,151,Número de informantes,72208,Total,115236,Total do trimestre
3,Unidade da Federação,24,Cabeças,41258200,35,São Paulo,201601,1º trimestre 2016,1988,Número de cabeças de galinhas poedeiras nos estabelecimentos agropecuários,72208,Total,115236,Total do trimestre
3,Unidade da Federação,23,Mil dúzias,225514,35,São Paulo,201601,1º trimestre 2016,29,Quantidade de ovos produzidos,72208,Total,115236,Total do trimestre
3,Unidade da Federação,1020,Unidades,373,35,São Paulo,201602,2º trimestre 2016,151,Número de informantes,72208,Total,115236,Total do trimestre
3,Unidade da Federação,24,Cabeças,41500349,35,São Paulo,201602,2º trimestre 2016,1988,Número de cabeças de galinhas poedeiras nos estabelecimentos agropecuários,72208,Total,115236,Total do trimestre
3,Unidade da Federação,23,Mil dúzias,224419,35,São Paulo,201602,2º trimestre 2016,29,Quantidade de ovos produzidos,72208,Total,115236,Total do trimestre
3,Unidade da Federação,1020,Unidades,363,35,São Paulo,201603,3º trimestre 2016,151,Número de informantes,72208,Total,115236,Total do trimestre
3,Unidade da Federação,24,Cabeças,41308256,35,São Paulo,201603,3º trimestre 2016,1988,Número de cabeças de galinhas poedeiras nos estabelecimentos agropecuários,72208,Total,115236,Total do trimestre
3,Unidade da Federação,23,Mil dúzias,230231,35,São Paulo,201603,3º trimestre 2016,29,Quantidade de ovos produzidos,72208,Total,115236,Total do trimestre
3,Unidade da Federação,1020,Unidades,356,35,São Paulo,201604,4º trimestre 2016,151,Número de informantes,72208,Total,115236,Total do trimestre
3,Unidade da Federação,24,Cabeças,41441567,35,São Paulo,201604,4º trimestre 2016,1988,Número de cabeças de galinhas poedeiras nos estabelecimentos agropecuários,72208,Total,115236,Total do trimestre
3,Unidade da Federação,23,Mil dúzias,234132,35,São Paulo,201604,4º trimestre 2016,29,Quantidade de ovos produzidos,72208,Total,115236,Total do trimestre
3,Unidade da Federação,1020,Unidades,360,35,São Paulo,201701,1º trimestre 2017,151,Número de informantes,72208,Total,115236,Total do trimestre
3,Unidade da Federação,24,Cabeças,42369999,35,São Paulo,201701,1º trimestre 2017,1988,Número de cabeças de galinhas poedeiras nos estabelecimentos agropecuários,72208,Total,115236,Total do trimestre
3,Unidade da Federação,23,Mil dúzias,233979,35,São Paulo,201701,1º trimestre 2017,29,Quantidade de ovos produzidos,72208,Total,115236,Total do trimestre
3,Unidade da Federação,1020,Unidades,372,35,São Paulo,201702,2º trimestre 2017,151,Número de informantes,72208,Total,115236,Total do trimestre
3,Unidade da Federação,24,Cabeças,43673111,35,São Paulo,201702,2º trimestre 2017,1988,Número de cabeças de galinhas poedeiras nos estabelecimentos agropecuários,72208,Total,115236,Total do trimestre
3,Unidade da Federação,23,Mil dúzias,244534,35,São Paulo,201702,2º trimestre 2017,29,Quantidade de ovos produzidos,72208,Total,115236,Total do trimestre
3,Unidade da Federação,1020,Unidades,372,35,São Paulo,201703,3º trimestre 2017,151,Número de informantes,72208,Total,115236,Total do trimestre
3,Unidade da Federação,24,Cabeças,43855566,35,São Paulo,201703,3º trimestre 2017,1988,Número de cabeças de galinhas poedeiras nos estabelecimentos agropecuários,72208,Total,115236,Total do trimestre
3,Unidade da Federação,23,Mil dúzias,248475,35,São Paulo,201703,3º trimestre 2017,29,Quantidade de ovos produzidos,72208,Total,115236,Total do trimestre
3,Unidade da Federação,1020,Unidades,376,35,São Paulo,201704,4º trimestre 2017,151,Número de informantes,72208,Total,115236,Total do trimestre
3,Unidade da Federação,24,Cabeças,44977151,35,São Paulo,201704,4º trimestre 2017,1988,Número de cabeças de galinhas poedeiras nos estabelecimentos agropecuários,72208,Total,115236,Total do trimestre
3,Unidade da Federação,23,Mil dúzias,254988,35,São Paulo,201704,4º trimestre 2017,29,Quantidade de ovos produzidos,72208,Total,115236,Total do trimestre
3,Unidade da Federação,1020,Unidades,378,35,São Paulo,201801,1º trimestre 2018,151,Número de informantes,72208,Total,115236,Total do trimestre
3,Unidade da Federação,24,Cabeças,45501141,35,São Paulo,201801,1º trimestre 2018,1988,Número de cabeças de galinhas poedeiras nos estabelecimentos agropecuários,72208,Total,115236,Total do trimestre
3,Unidade da Federação,23,Mil dúzias,252612,35,São Paulo,201801,1º trimestre 2018,29,Quantidade de ovos produzidos,72208,Total,115236,Total do trimestre
3,Unidade da Federação,1020,Unidades,378,35,São Paulo,201802,2º trimestre 2018,151,Número de informantes,72208,Total,115236,Total do trimestre
3,Unidade da Federação,24,Cabeças,46697478,35,São Paulo,201802,2º trimestre 2018,1988,Número de cabeças de galinhas poedeiras nos estabelecimentos agropecuários,72208,Total,115236,Total do trimestre
3,Unidade da Federação,23,Mil dúzias,254785,35,São Paulo,201802,2º trimestre 2018,29,Quantidade de ovos produzidos,72208,Total,115236,Total do trimestre
3,Unidade da Federação,1020,Unidades,380,35,São Paulo,201803,3º trimestre 2018,151,Número de informantes,72208,Total,115236,Total do trimestre
3,Unidade da Federação,24,Cabeças,48317665,35,São Paulo,201803,3º trimestre 2018,1988,Número de cabeças de galinhas poedeiras nos estabelecimentos agropecuários,72208,Total,115236,Total do trimestre
3,Unidade da Federação,23,Mil dúzias,274180,35,São Paulo,201803,3º trimestre 2018,29,Quantidade de ovos produzidos,72208,Total,115236,Total do trimestre
3,Unidade da Federação,1020,Unidades,373,35,São Paulo,201804,4º trimestre 2018,151,Número de informantes,72208,Total,115236,Total do trimestre
3,Unidade da Federação,24,Cabeças,47728846,35,São Paulo,201804,4º trimestre 2018,1988,Número de cabeças de galinhas poedeiras nos estabelecimentos agropecuários,72208,Total,115236,Total do trimestre
3,Unidade da Federação,23,Mil dúzias,275485,35,São Paulo,201804,4º trimestre 2018,29,Quantidade de ovos produzidos,72208,Total,115236,Total do trimestre
3,Unidade da Federação,1020,Unidades,367,35,São Paulo,201901,1º trimestre 2019,151,Número de informantes,72208,Total,115236,Total do trimestre
3,Unidade da Federação,24,Cabeças,47386911,35,São Paulo,201901,1º trimestre 2019,1988,Número de cabeças de galinhas poedeiras nos estabelecimentos agropecuários,72208,Total,115236,Total do trimestre
3,Unidade da Federação,23,Mil dúzias,267448,35,São Paulo,201901,1º trimestre 2019,29,Quantidade de ovos produzidos,72208,Total,115236,Total do trimestre
3,Unidade da Federação,1020,Unidades,379,35,São Paulo,201902,2º trimestre 2019,151,Número de informantes,72208,Total,115236,Total do trimestre
3,Unidade da Federação,24,Cabeças,49521983,35,São Paulo,201902,2º trimestre 2019,1988,Número de cabeças de galinhas poedeiras nos estabelecimentos agropecuários,72208,Total,115236,Total do trimestre
3,Unidade da Federação,23,Mil dúzias,277205,35,São Paulo,201902,2º trimestre 2019,29,Quantidade de ovos produzidos,72208,Total,115236,Total do trimestre
3,Unidade da Federação,1020,Unidades,391,35,São Paulo,201903,3º trimestre 2019,151,Número de informantes,72208,Total,115236,Total do trimestre
3,Unidade da Federação,24,Cabeças,49903814,35,São Paulo,201903,3º trimestre 2019,1988,Número de cabeças de galinhas poedeiras nos estabelecimentos agropecuários,72208,Total,115236,Total do trimestre
3,Unidade da Federação,23,Mil dúzias,282786,35,São Paulo,201903,3º trimestre 2019,29,Quantidade de ovos produzidos,72208,Total,115236,Total do trimestre
3,Unidade da Federação,1020,Unidades,398,35,São Paulo,201904,4º trimestre 2019,151,Número de informantes,72208,Total,115236,Total do trimestre
3,Unidade da Federação,24,Cabeças,50007420,35,São Paulo,201904,4º trimestre 2019,1988,Número de cabeças de galinhas poedeiras nos estabelecimentos agropecuários,72208,Total,115236,Total do trimestre
3,Unidade da Federação,23,Mil dúzias,288965,35,São Paulo,201904,4º trimestre 2019,29,Quantidade de ovos produzidos,72208,Total,115236,Total do trimestre
3,Unidade da Federação,1020,Unidades,395,35,São Paulo,202001,1º trimestre 2020,151,Número de informantes,72208,Total,115236,Total do trimestre
3,Unidade da Federação,24,Cabeças,51033633,35,São Paulo,202001,1º trimestre 2020,1988,Número de cabeças de galinhas poedeiras nos estabelecimentos agropecuários,72208,Total,115236,Total do trimestre
3,Unidade da Federação,23,Mil dúzias,286874,35,São Paulo,202001,1º trimestre 2020,29,Quantidade de ovos produzidos,72208,Total,115236,Total do trimestre
3,Unidade da Federação,1020,Unidades,386,35,São Paulo,202002,2º trimestre 2020,151,Número de informantes,72208,Total,115236,Total do trimestre
3,Unidade da Federação,24,Cabeças,49565428,35,São Paulo,202002,2º trimestre 2020,1988,Número de cabeças de galinhas poedeiras nos estabelecimentos agropecuários,72208,Total,115236,Total do trimestre
3,Unidade da Federação,23,Mil dúzias,282153,35,São Paulo,202002,2º trimestre 2020,29,Quantidade de ovos produzidos,72208,Total,115236,Total do trimestre
3,Unidade da Federação,1020,Unidades,384,35,São Paulo,202003,3º trimestre 2020,151,Número de informantes,72208,Total,115236,Total do trimestre
3,Unidade da Federação,24,Cabeças,51789276,35,São Paulo,202003,3º trimestre 2020,1988,Número de cabeças de galinhas poedeiras nos estabelecimentos agropecuários,72208,Total,115236,Total do trimestre
3,Unidade da Federação,23,Mil dúzias,295788,35,São Paulo,202003,3º trimestre 2020,29,Quantidade de ovos produzidos,72208,Total,115236,Total do trimestre
3,Unidade da Federação,1020,Unidades,376,35,São Paulo,202004,4º trimestre 2020,151,Número de informantes,72208,Total,115236,Total do trimestre
3,Unidade da Federação,24,Cabeças,48836293,35,São Paulo,202004,4º trimestre 2020,1988,Número de cabeças de galinhas poedeiras nos estabelecimentos agropecuários,72208,Total,115236,Total do trimestre
3,Unidade da Federação,23,Mil dúzias,277862,35,São Paulo,202004,4º trimestre 2020,29,Quantidade de ovos produzidos,72208,Total,115236,Total do trimestre
3,Unidade da Federação,1020,Unidades,367,35,São Paulo,202101,1º trimestre 2021,151,Número de informantes,72208,Total,115236,Total do trimestre
3,Unidade da Federação,24,Cabeças,48835497,35,São Paulo,202101,1º trimestre 2021,1988,Número de cabeças de galinhas poedeiras nos estabelecimentos agropecuários,72208,Total,115236,Total do trimestre
3,Unidade da Federação,23,Mil dúzias,271476,35,São Paulo,202101,1º trimestre 2021,29,Quantidade de ovos produzidos,72208,Total,115236,Total do trimestre
3,Unidade da Federação,1020,Unidades,364,35,São Paulo,202102,2º trimestre 2021,151,Número de informantes,72208,Total,115236,Total do trimestre
3,Unidade da Federação,24,Cabeças,47820240,35,São Paulo,202102,2º trimestre 2021,1988,Número de cabeças de galinhas poedeiras nos estabelecimentos agropecuários,72208,Total,115236,Total do trimestre
3,Unidade da Federação,23,Mil dúzias,271538,35,São Paulo,202102,2º trimestre 2021,29,Quantidade de ovos produzidos,72208,Total,115236,Total do trimestre
3,Unidade da Federação,1020,Unidades,361,35,São Paulo,202103,3º trimestre 2021,151,Número de informantes,72208,Total,115236,Total do trimestre
3,Unidade da Federação,24,Cabeças,49358053,35,São Paulo,202103,3º trimestre 2021,1988,Número de cabeças de galinhas poedeiras nos estabelecimentos agropecuários,72208,Total,115236,Total do trimestre
3,Unidade da Federação,23,Mil dúzias,283450,35,São Paulo,202103,3º trimestre 2021,29,Quantidade de ovos produzidos,72208,Total,115236,Total do trimestre
3,Unidade da Federação,1020,Unidades,361,35,São Paulo,202104,4º trimestre 2021,151,Número de informantes,72208,Total,115236,Total do trimestre
3,Unidade da Federação,24,Cabeças,48320690,35,São Paulo,202104,4º trimestre 2021,1988,Número de cabeças de galinhas poedeiras nos estabelecimentos agropecuários,72208,Total,115236,Total do trimestre
3,Unidade da Federação,23,Mil dúzias,275643,35,São Paulo,202104,4º trimestre 2021,29,Quantidade de ovos produzidos,72208,Total,115236,Total do trimestre
3,Unidade da Federação,1020,Unidades,359,35,São Paulo,202201,1º trimestre 2022,151,Número de informantes,72208,Total,115236,Total do trimestre
3,Unidade da Federação,24,Cabeças,48020589,35,São Paulo,202201,1º trimestre 2022,1988,Número de cabeças de galinhas poedeiras nos estabelecimentos agropecuários,72208,Total,115236,Total do trimestre
3,Unidade da Federação,23,Mil dúzias,267174,35,São Paulo,202201,1º trimestre 2022,29,Quantidade de ovos produzidos,72208,Total,115236,Total do trimestre
3,Unidade da Federação,1020,Unidades,366,35,São Paulo,202202,2º trimestre 2022,151,Número de informantes,72208,Total,115236,Total do trimestre
3,Unidade da Federação,24,Cabeças,49586834,35,São Paulo,202202,2º trimestre 2022,1988,Número de cabeças de galinhas poedeiras nos estabelecimentos agropecuários,72208,Total,115236,Total do trimestre
3,Unidade da Federação,23,Mil dúzias,274174,35,São Paulo,202202,2º trimestre 2022,29,Quantidade de ovos produzidos,72208,Total,115236,Total do trimestre
3,Unidade da Federação,1020,Unidades,365,35,São Paulo,202203,3º trimestre 2022,151,Número de informantes,72208,Total,115236,Total do trimestre
3,Unidade da Federação,24,Cabeças,49236092,35,São Paulo,202203,3º trimestre 2022,1988,Número de cabeças de galinhas poedeiras nos estabelecimentos agropecuários,72208,Total,115236,Total do trimestre
3,Unidade da Federação,23,Mil dúzias,279874,35,São Paulo,202203,3º trimestre 2022,29,Quantidade de ovos produzidos,72208,Total,115236,Total do trimestre
3,Unidade da Federação,1020,Unidades,362,35,São Paulo,202204,4º trimestre 2022,151,Número de informantes,72208,Total,115236,Total do trimestre
3,Unidade da Federação,24,Cabeças,50044975,35,São Paulo,202204,4º trimestre 2022,1988,Número de cabeças de galinhas poedeiras nos estabelecimentos agropecuários,72208,Total,115236,Total do trimestre
3,Unidade da Federação,23,Mil dúzias,282123,35,São Paulo,202204,4º trimestre 2022,29,Quantidade de ovos produzidos,72208,Total,115236,Total do trimestre
3,Unidade da Federação,1020,Unidades,354,35,São Paulo,202301,1º trimestre 2023,151,Número de informantes,72208,Total,115236,Total do trimestre
3,Unidade da Federação,24,Cabeças,48563142,35,São Paulo,202301,1º trimestre 2023,1988,Número de cabeças de galinhas poedeiras nos estabelecimentos agropecuários,72208,Total,115236,Total do trimestre
3,Unidade da Federação,23,Mil dúzias,269921,35,São Paulo,202301,1º trimestre 2023,29,Quantidade de ovos produzidos,72208,Total,115236,Total do trimestre
3,Unidade da Federação,1020,Unidades,354,35,São Paulo,202302,2º trimestre 2023,151,Número de informantes,72208,Total,115236,Total do trimestre
3,Unidade da Federação,24,Cabeças,49942674,35,São Paulo,202302,2º trimestre 2023,1988,Número de cabeças de galinhas poedeiras nos estabelecimentos agropecuários,72208,Total,115236,Total do trimestre
3,Unidade da Federação,23,Mil dúzias,278490,35,São Paulo,202302,2º trimestre 2023,29,Quantidade de ovos produzidos,72208,Total,115236,Total do trimestre
3,Unidade da Federação,1020,Unidades,347,35,São Paulo,202303,3º trimestre 2023,151,Número de informantes,72208,Total,115236,Total do trimestre
3,Unidade da Federação,24,Cabeças,50441319,35,São Paulo,202303,3º trimestre 2023,1988,Número de cabeças de galinhas poedeiras nos estabelecimentos agropecuários,72208,Total,115236,Total do trimestre
3,Unidade da Federação,23,Mil dúzias,291366,35,São Paulo,202303,3º trimestre 2023,29,Quantidade de ovos produzidos,72208,Total,115236,Total do trimestre
3,Unidade da Federação,1020,Unidades,354,35,São Paulo,202304,4º trimestre 2023,151,Número de informantes,72208,Total,115236,Total do trimestre
3,Unidade da Federação,24,Cabeças,49472173,35,São Paulo,202304,4º trimestre 2023,1988,Número de cabeças de galinhas poedeiras nos estabelecimentos agropecuários,72208,Total,115236,Total do trimestre
3,Unidade da Federação,23,Mil dúzias,283369,35,São Paulo,202304,4º trimestre 2023,29,Quantidade de ovos produzidos,72208,Total,115236,Total do trimestre
3,Unidade da Federação,1020,Unidades,358,35,São Paulo,202401,1º trimestre 2024,151,Número de informantes,72208,Total,115236,Total do trimestre
3,Unidade da Federação,24,Cabeças,51296498,35,São Paulo,202401,1º trimestre 2024,1988,Número de cabeças de galinhas poedeiras nos estabelecimentos agropecuários,72208,Total,115236,Total do trimestre
3,Unidade da Federação,23,Mil dúzias,290277,35,São Paulo,202401,1º trimestre 2024,29,Quantidade de ovos produzidos,72208,Total,115236,Total do trimestre
3,Unidade da Federação,1020,Unidades,356,35,São Paulo,202402,2º trimestre 2024,151,Número de informantes,72208,Total,115236,Total do trimestre
3,Unidade da Federação,24,Cabeças,53133751,35,São Paulo,202402,2º trimestre 2024,1988,Número de cabeças de galinhas poedeiras nos estabelecimentos agropecuários,72208,Total,115236,Total do trimestre
3,Unidade da Federação,23,Mil dúzias,305595,35,São Paulo,202402,2º trimestre 2024,29,Quantidade de ovos produzidos,72208,Total,115236,Total do trimestre
3,Unidade da Federação,1020,Unidades,358,35,São Paulo,202403,3º trimestre 2024,151,Número de informantes,72208,Total,115236,Total do trimestre
3,Unidade da Federação,24,Cabeças,54241118,35,São Paulo,202403,3º trimestre 2024,1988,Número de cabeças de galinhas poedeiras nos estabelecimentos agropecuários,72208,Total,115236,Total do trimestre
3,Unidade da Federação,23,Mil dúzias,312216,35,São Paulo,202403,3º trimestre 2024,29,Quantidade de ovos produzidos,72208,Total,115236,Total do trimestre
3,Unidade da Federação,1020,Unidades,354,35,São Paulo,202404,4º trimestre 2024,151,Número de informantes,72208,Total,115236,Total do trimestre
3,Unidade da Federação,24,Cabeças,52928471,35,São Paulo,202404,4º trimestre 2024,1988,Número de cabeças de galinhas poedeiras nos estabelecimentos agropecuários,72208,Total,115236,Total do trimestre
3,Unidade da Federação,23,Mil dúzias,308740,35,São Paulo,202404,4º trimestre 2024,29,Quantidade de ovos produzidos,72208,Total,115236,Total do trimestre
3,Unidade da Federação,1020,Unidades,352,35,São Paulo,202501,1º trimestre 2025,151,Número de informantes,72208,Total,115236,Total do trimestre
3,Unidade da Federação,24,Cabeças,53213997,35,São Paulo,202501,1º trimestre 2025,1988,Número de cabeças de galinhas poedeiras nos estabelecimentos agropecuários,72208,Total,115236,Total do trimestre
3,Unidade da Federação,23,Mil dúzias,304223,35,São Paulo,202501,1º trimestre 2025,29,Quantidade de ovos produzidos,72208,Total,115236,Total do trimestre
