Nível Territorial (Código),Nível Territorial,Unidade de Medida (Código),Unidade de Medida,Valor,Unidade da Federação (Código),Unidade da Federação,Trimestre (Código),Trimestre,Variável (Código),Variável,Tipo de inspeção (Código),Tipo de inspeção,Referência temporal (Código),Referência temporal
3,Unidade da Federação,1020,Unidades,279,35,São Paulo,199701,1º trimestre 1997,151,Número de informantes,118225,Total,115236,Total do trimestre
3,Unidade da Federação,25,Mil litros,462386,35,São Paulo,199701,1º trimestre 1997,282,"Quantidade de leite cru, resfriado ou não, adquirido",118225,Total,115236,Total do trimestre
3,Unidade da Federação,25,Mil litros,453565,35,São Paulo,199701,1º trimestre 1997,283,"Quantidade de leite cru, resfriado ou não, industrializado",118225,Total,115236,Total do trimestre
3,Unidade da Federação,,,...,35,São Paulo,199701,1º trimestre 1997,396,Número de informantes do preço do leite,118225,Total,115236,Total do trimestre
3,Unidade da Federação,,,...,35,São Paulo,199701,1º trimestre 1997,2522,Preço médio,118225,Total,115236,Total do trimestre
3,Unidade da Federação,1020,Unidades,273,35,São Paulo,199702,2º trimestre 1997,151,Número de informantes,118225,Total,115236,Total do trimestre
3,Unidade da Federação,25,Mil litros,462267,35,São Paulo,199702,2º trimestre 1997,282,"Quantidade de leite cru, resfriado ou não, adquirido",118225,Total,115236,Total do trimestre
3,Unidade da Federação,25,Mil litros,457544,35,São Paulo,199702,2º trimestre 1997,283,"Quantidade de leite cru, resfriado ou não, industrializado",118225,Total,115236,Total do trimestre
3,Unidade da Federação,,,...,35,São Paulo,199702,2º trimestre 1997,396,Número de informantes do preço do leite,118225,Total,115236,Total do trimestre
3,Unidade da Federação,,,...,35,São Paulo,199702,2º trimestre 1997,2522,Preço médio,118225,Total,115236,Total do trimestre
3,Unidade da Federação,1020,Unidades,261,35,São Paulo,199703,3º trimestre 1997,151,Número de informantes,118225,Total,115236,Total do trimestre
3,Unidade da Federação,25,Mil litros,472550,35,São Paulo,199703,3º trimestre 1997,282,"Quantidade de leite cru, resfriado ou não, adquirido",118225,Total,115236,Total do trimestre
3,Unidade da Federação,25,Mil litros,498648,35,São Paulo,199703,3º trimestre 1997,283,"Quantidade de leite cru, resfriado ou não, industrializado",118225,Total,115236,Total do trimestre
3,Unidade da Federação,,,...,35,São Paulo,199703,3º trimestre 1997,396,Número de informantes do preço do leite,118225,Total,115236,Total do trimestre
3,Unidade da Federação,,,...,35,São Paulo,199703,3º trimestre 1997,2522,Preço médio,118225,Total,115236,Total do trimestre
3,Unidade da Federação,1020,Unidades,264,35,São Paulo,199704,4º trimestre 1997,151,Número de informantes,118225,Total,115236,Total do trimestre
3,Unidade da Federação,25,Mil litros,545345,35,São Paulo,199704,4º trimestre 1997,282,"Quantidade de leite cru, resfriado ou não, adquirido",118225,Total,115236,Total do trimestre
3,Unidade da Federação,25,Mil litros,537281,35,São Paulo,199704,4º trimestre 1997,283,"Quantidade de leite cru, resfriado ou não, industrializado",118225,Total,115236,Total do trimestre
3,Unidade da Federação,,,...,35,São Paulo,199704,4º trimestre 1997,396,Número de informantes do preço do leite,118225,Total,115236,Total do trimestre
3,Unidade da Federação,,,...,35,São Paulo,199704,4º trimestre 1997,2522,Preço médio,118225,Total,115236,Total do trimestre
3,Unidade da Federação,1020,Unidades,259,35,São Paulo,199801,1º trimestre 1998,151,Número de informantes,118225,Total,115236,Total do trimestre
3,Unidade da Federação,25,Mil litros,496211,35,São Paulo,199801,1º trimestre 1998,282,"Quantidade de leite cru, resfriado ou não, adquirido",118225,Total,115236,Total do trimestre
3,Unidade da Federação,25,Mil litros,492776,35,São Paulo,199801,1º trimestre 1998,283,"Quantidade de leite cru, resfriado ou não, industrializado",118225,Total,115236,Total do trimestre
3,Unidade da Federação,,,...,35,São Paulo,199801,1º trimestre 1998,396,Número de informantes do preço do leite,118225,Total,115236,Total do trimestre
3,Unidade da Federação,,,...,35,São Paulo,199801,1º trimestre 1998,2522,Preço médio,118225,Total,115236,Total do trimestre
3,Unidade da Federação,1020,Unidades,252,35,São Paulo,199802,2º trimestre 1998,151,Número de informantes,118225,Total,115236,Total do trimestre
3,Unidade da Federação,25,Mil litros,467487,35,São Paulo,199802,2º trimestre 1998,282,"Quantidade de leite cru, resfriado ou não, adquirido",118225,Total,115236,Total do trimestre
3,Unidade da Federação,25,Mil litros,465121,35,São Paulo,199802,2º trimestre 1998,283,"Quantidade de leite cru, resfriado ou não, industrializado",118225,Total,115236,Total do trimestre
3,Unidade da Federação,,,...,35,São Paulo,199802,2º trimestre 1998,396,Número de informantes do preço do leite,118225,Total,115236,Total do trimestre
3,Unidade da Federação,,,...,35,São Paulo,199802,2º trimestre 1998,2522,Preço médio,118225,Total,115236,Total do trimestre
3,Unidade da Federação,1020,Unidades,251,35,São Paulo,199803,3º trimestre 1998,151,Número de informantes,118225,Total,115236,Total do trimestre
3,Unidade da Federação,25,Mil litros,427736,35,São Paulo,199803,3º trimestre 1998,282,"Quantidade de leite cru, resfriado ou não, adquirido",118225,Total,115236,Total do trimestre
3,Unidade da Federação,25,Mil litros,424648,35,São Paulo,199803,3º trimestre 1998,283,"Quantidade de leite cru, resfriado ou não, industrializado",118225,Total,115236,Total do trimestre
3,Unidade da Federação,,,...,35,São Paulo,199803,3º trimestre 1998,396,Número de informantes do preço do leite,118225,Total,115236,Total do trimestre
3,Unidade da Federação,,,...,35,São Paulo,199803,3º trimestre 1998,2522,Preço médio,118225,Total,115236,Total do trimestre
3,Unidade da Federação,1020,Unidades,252,35,São Paulo,199804,4º trimestre 1998,151,Número de informantes,118225,Total,115236,Total do trimestre
3,Unidade da Federação,25,Mil litros,500256,35,São Paulo,199804,4º trimestre 1998,282,"Quantidade de leite cru, resfriado ou não, adquirido",118225,Total,115236,Total do trimestre
3,Unidade da Federação,25,Mil litros,497180,35,São Paulo,199804,4º trimestre 1998,283,"Quantidade de leite cru, resfriado ou não, industrializado",118225,Total,115236,Total do trimestre
3,Unidade da Federação,,,...,35,São Paulo,199804,4º trimestre 1998,396,Número de informantes do preço do leite,118225,Total,115236,Total do trimestre
3,Unidade da Federação,,,...,35,São Paulo,199804,4º trimestre 1998,2522,Preço médio,118225,Total,115236,Total do trimestre
3,Unidade da Federação,1020,Unidades,253,35,São Paulo,199901,1º trimestre 1999,151,Número de informantes,118225,Total,115236,Total do trimestre
3,Unidade da Federação,25,Mil litros,479443,35,São Paulo,199901,1º trimestre 1999,282,"Quantidade de leite cru, resfriado ou não, adquirido",118225,Total,115236,Total do trimestre
3,Unidade da Federação,25,Mil litros,474650,35,São Paulo,199901,1º trimestre 1999,283,"Quantidade de leite cru, resfriado ou não, industrializado",118225,Total,115236,Total do trimestre
3,Unidade da Federação,,,...,35,São Paulo,199901,1º trimestre 1999,396,Número de informantes do preço do leite,118225,Total,115236,Total do trimestre
3,Unidade da Federação,,,...,35,São Paulo,199901,1º trimestre 1999,2522,Preço médio,118225,Total,115236,Total do trimestre
3,Unidade da Federação,1020,Unidades,240,35,São Paulo,199902,2º trimestre 1999,151,Número de informantes,118225,Total,115236,Total do trimestre
3,Unidade da Federação,25,Mil litros,451758,35,São Paulo,199902,2º trimestre 1999,282,"Quantidade de leite cru, resfriado ou não, adquirido",118225,Total,115236,Total do trimestre
3,Unidade da Federação,25,Mil litros,449636,35,São Paulo,199902,2º trimestre 1999,283,"Quantidade de leite cru, resfriado ou não, industrializado",118225,Total,115236,Total do trimestre
3,Unidade da Federação,,,...,35,São Paulo,199902,2º trimestre 1999,396,Número de informantes do preço do leite,118225,Total,115236,Total do trimestre
3,Unidade da Federação,,,...,35,São Paulo,199902,2º trimestre 1999,2522,Preço médio,118225,Total,115236,Total do trimestre
3,Unidade da Federação,1020,Unidades,235,35,São Paulo,199903,3º trimestre 1999,151,Número de informantes,118225,Total,115236,Total do trimestre
3,Unidade da Federação,25,Mil litros,452664,35,São Paulo,199903,3º trimestre 1999,282,"Quantidade de leite cru, resfriado ou não, adquirido",118225,Total,115236,Total do trimestre
3,Unidade da Federação,25,Mil litros,448780,35,São Paulo,199903,3º trimestre 1999,283,"Quantidade de leite cru, resfriado ou não, industrializado",118225,Total,115236,Total do trimestre
3,Unidade da Federação,,,...,35,São Paulo,199903,3º trimestre 1999,396,Número de informantes do preço do leite,118225,Total,115236,Total do trimestre
3,Unidade da Federação,,,...,35,São Paulo,199903,3º trimestre 1999,2522,Preço médio,118225,Total,115236,Total do trimestre
3,Unidade da Federação,1020,Unidades,235,35,São Paulo,199904,4º trimestre 1999,151,Número de informantes,118225,Total,115236,Total do trimestre
3,Unidade da Federação,25,Mil litros,476278,35,São Paulo,199904,4º trimestre 1999,282,"Quantidade de leite cru, resfriado ou não, adquirido",118225,Total,115236,Total do trimestre
3,Unidade da Federação,25,Mil litros,473980,35,São Paulo,199904,4º trimestre 1999,283,"Quantidade de leite cru, resfriado ou não, industrializado",118225,Total,115236,Total do trimestre
3,Unidade da Federação,,,...,35,São Paulo,199904,4º trimestre 1999,396,Número de informantes do preço do leite,118225,Total,115236,Total do trimestre
3,Unidade da Federação,,,...,35,São Paulo,199904,4º trimestre 1999,2522,Preço médio,118225,Total,115236,Total do trimestre
3,Unidade da Federação,1020,Unidades,232,35,São Paulo,200001,1º trimestre 2000,151,Número de informantes,118225,Total,115236,Total do trimestre
3,Unidade da Federação,25,Mil litros,534654,35,São Paulo,200001,1º trimestre 2000,282,"Quantidade de leite cru, resfriado ou não, adquirido",118225,Total,115236,Total do trimestre
3,Unidade da Federação,25,Mil litros,528412,35,São Paulo,200001,1º trimestre 2000,283,"Quantidade de leite cru, resfriado ou não, industrializado",118225,Total,115236,Total do trimestre
3,Unidade da Federação,,,...,35,São Paulo,200001,1º trimestre 2000,396,Número de informantes do preço do leite,118225,Total,115236,Total do trimestre
3,Unidade da Federação,,,...,35,São Paulo,200001,1º trimestre 2000,2522,Preço médio,118225,Total,115236,Total do trimestre
3,Unidade da Federação,1020,Unidades,226,35,São Paulo,200002,2º trimestre 2000,151,Número de informantes,118225,Total,115236,Total do trimestre
3,Unidade da Federação,25,Mil litros,482478,35,São Paulo,200002,2º trimestre 2000,282,"Quantidade de leite cru, resfriado ou não, adquirido",118225,Total,115236,Total do trimestre
3,Unidade da Federação,25,Mil litros,476276,35,São Paulo,200002,2º trimestre 2000,283,"Quantidade de leite cru, resfriado ou não, industrializado",118225,Total,115236,Total do trimestre
3,Unidade da Federação,,,...,35,São Paulo,200002,2º trimestre 2000,396,Número de informantes do preço do leite,118225,Total,115236,Total do trimestre
3,Unidade da Federação,,,...,35,São Paulo,200002,2º trimestre 2000,2522,Preço médio,118225,Total,115236,Total do trimestre
3,Unidade da Federação,1020,Unidades,223,35,São Paulo,200003,3º trimestre 2000,151,Número de informantes,118225,Total,115236,Total do trimestre
3,Unidade da Federação,25,Mil litros,540656,35,São Paulo,200003,3º trimestre 2000,282,"Quantidade de leite cru, resfriado ou não, adquirido",118225,Total,115236,Total do trimestre
3,Unidade da Federação,25,Mil litros,538834,35,São Paulo,200003,3º trimestre 2000,283,"Quantidade de leite cru, resfriado ou não, industrializado",118225,Total,115236,Total do trimestre
3,Unidade da Federação,,,...,35,São Paulo,200003,3º trimestre 2000,396,Número de informantes do preço do leite,118225,Total,115236,Total do trimestre
3,Unidade da Federação,,,...,35,São Paulo,200003,3º trimestre 2000,2522,Preço médio,118225,Total,115236,Total do trimestre
3,Unidade da Federação,1020,Unidades,224,35,São Paulo,200004,4º trimestre 2000,151,Número de informantes,118225,Total,115236,Total do trimestre
3,Unidade da Federação,25,Mil litros,574883,35,São Paulo,200004,4º trimestre 2000,282,"Quantidade de leite cru, resfriado ou não, adquirido",118225,Total,115236,Total do trimestre
3,Unidade da Federação,25,Mil litros,573260,35,São Paulo,200004,4º trimestre 2000,283,"Quantidade de leite cru, resfriado ou não, industrializado",118225,Total,115236,Total do trimestre
3,Unidade da Federação,,,...,35,São Paulo,200004,4º trimestre 2000,396,Número de informantes do preço do leite,118225,Total,115236,Total do trimestre
3,Unidade da Federação,,,...,35,São Paulo,200004,4º trimestre 2000,2522,Preço médio,118225,Total,115236,Total do trimestre
3,Unidade da Federação,1020,Unidades,224,35,São Paulo,200101,1º trimestre 2001,151,Número de informantes,118225,Total,115236,Total do trimestre
3,Unidade da Federação,25,Mil litros,544806,35,São Paulo,200101,1º trimestre 2001,282,"Quantidade de leite cru, resfriado ou não, adquirido",118225,Total,115236,Total do trimestre
3,Unidade da Federação,25,Mil litros,540266,35,São Paulo,200101,1º trimestre 2001,283,"Quantidade de leite cru, resfriado ou não, industrializado",118225,Total,115236,Total do trimestre
3,Unidade da Federação,,,...,35,São Paulo,200101,1º trimestre 2001,396,Número de informantes do preço do leite,118225,Total,115236,Total do trimestre
3,Unidade da Federação,,,...,35,São Paulo,200101,1º trimestre 2001,2522,Preço médio,118225,Total,115236,Total do trimestre
3,Unidade da Federação,1020,Unidades,225,35,São Paulo,200102,2º trimestre 2001,151,Número de informantes,118225,Total,115236,Total do trimestre
3,Unidade da Federação,25,Mil litros,523596,35,São Paulo,200102,2º trimestre 2001,282,"Quantidade de leite cru, resfriado ou não, adquirido",118225,Total,115236,Total do trimestre
3,Unidade da Federação,25,Mil litros,521257,35,São Paulo,200102,2º trimestre 2001,283,"Quantidade de leite cru, resfriado ou não, industrializado",118225,Total,115236,Total do trimestre
3,Unidade da Federação,,,...,35,São Paulo,200102,2º trimestre 2001,396,Número de informantes do preço do leite,118225,Total,115236,Total do trimestre
3,Unidade da Federação,,,...,35,São Paulo,200102,2º trimestre 2001,2522,Preço médio,118225,Total,115236,Total do trimestre
3,Unidade da Federação,1020,Unidades,222,35,São Paulo,200103,3º trimestre 2001,151,Número de informantes,118225,Total,115236,Total do trimestre
3,Unidade da Federação,25,Mil litros,538240,35,São Paulo,200103,3º trimestre 2001,282,"Quantidade de leite cru, resfriado ou não, adquirido",118225,Total,115236,Total do trimestre
3,Unidade da Federação,25,Mil litros,534765,35,São Paulo,200103,3º trimestre 2001,283,"Quantidade de leite cru, resfriado ou não, industrializado",118225,Total,115236,Total do trimestre
3,Unidade da Federação,,,...,35,São Paulo,200103,3º trimestre 2001,396,Número de informantes do preço do leite,118225,Total,115236,Total do trimestre
3,Unidade da Federação,,,...,35,São Paulo,200103,3º trimestre 2001,2522,Preço médio,118225,Total,115236,Total do trimestre
3,Unidade da Federação,1020,Unidades,227,35,São Paulo,200104,4º trimestre 2001,151,Número de informantes,118225,Total,115236,Total do trimestre
3,Unidade da Federação,25,Mil litros,571794,35,São Paulo,200104,4º trimestre 2001,282,"Quantidade de leite cru, resfriado ou não, adquirido",118225,Total,115236,Total do trimestre
3,Unidade da Federação,25,Mil litros,567656,35,São Paulo,200104,4º trimestre 2001,283,"Quantidade de leite cru, resfriado ou não, industrializado",118225,Total,115236,Total do trimestre
3,Unidade da Federação,,,...,35,São Paulo,200104,4º trimestre 2001,396,Número de informantes do preço do leite,118225,Total,115236,Total do trimestre
3,Unidade da Federação,,,...,35,São Paulo,200104,4º trimestre 2001,2522,Preço médio,118225,Total,115236,Total do trimestre
3,Unidade da Federação,1020,Unidades,221,35,São Paulo,200201,1º trimestre 2002,151,Número de informantes,118225,Total,115236,Total do trimestre
3,Unidade da Federação,25,Mil litros,573078,35,São Paulo,200201,1º trimestre 2002,282,"Quantidade de leite cru, resfriado ou não, adquirido",118225,Total,115236,Total do trimestre
3,Unidade da Federação,25,Mil litros,569904,35,São Paulo,200201,1º trimestre 2002,283,"Quantidade de leite cru, resfriado ou não, industrializado",118225,Total,115236,Total do trimestre
3,Unidade da Federação,,,...,35,São Paulo,200201,1º trimestre 2002,396,Número de informantes do preço do leite,118225,Total,115236,Total do trimestre
3,Unidade da Federação,,,...,35,São Paulo,200201,1º trimestre 2002,2522,Preço médio,118225,Total,115236,Total do trimestre
3,Unidade da Federação,1020,Unidades,219,35,São Paulo,200202,2º trimestre 2002,151,Número de informantes,118225,Total,115236,Total do trimestre
3,Unidade da Federação,25,Mil litros,601206,35,São Paulo,200202,2º trimestre 2002,282,"Quantidade de leite cru, resfriado ou não, adquirido",118225,Total,115236,Total do trimestre
3,Unidade da Federação,25,Mil litros,599243,35,São Paulo,200202,2º trimestre 2002,283,"Quantidade de leite cru, resfriado ou não, industrializado",118225,Total,115236,Total do trimestre
3,Unidade da Federação,,,...,35,São Paulo,200202,2º trimestre 2002,396,Número de informantes do preço do leite,118225,Total,115236,Total do trimestre
3,Unidade da Federação,,,...,35,São Paulo,200202,2º trimestre 2002,2522,Preço médio,118225,Total,115236,Total do trimestre
3,Unidade da Federação,1020,Unidades,221,35,São Paulo,200203,3º trimestre 2002,151,Número de informantes,118225,Total,115236,Total do trimestre
3,Unidade da Federação,25,Mil litros,577878,35,São Paulo,200203,3º trimestre 2002,282,"Quantidade de leite cru, resfriado ou não, adquirido",118225,Total,115236,Total do trimestre
3,Unidade da Federação,25,Mil litros,575991,35,São Paulo,200203,3º trimestre 2002,283,"Quantidade de leite cru, resfriado ou não, industrializado",118225,Total,115236,Total do trimestre
3,Unidade da Federação,,,...,35,São Paulo,200203,3º trimestre 2002,396,Número de informantes do preço do leite,118225,Total,115236,Total do trimestre
3,Unidade da Federação,,,...,35,São Paulo,200203,3º trimestre 2002,2522,Preço médio,118225,Total,115236,Total do trimestre
3,Unidade da Federação,1020,Unidades,221,35,São Paulo,200204,4º trimestre 2002,151,Número de informantes,118225,Total,115236,Total do trimestre
3,Unidade da Federação,25,Mil litros,631005,35,São Paulo,200204,4º trimestre 2002,282,"Quantidade de leite cru, resfriado ou não, adquirido",118225,Total,115236,Total do trimestre
3,Unidade da Federação,25,Mil litros,628625,35,São Paulo,200204,4º trimestre 2002,283,"Quantidade de leite cru, resfriado ou não, industrializado",118225,Total,115236,Total do trimestre
3,Unidade da Federação,,,...,35,São Paulo,200204,4º trimestre 2002,396,Número de informantes do preço do leite,118225,Total,115236,Total do trimestre
3,Unidade da Federação,,,...,35,São Paulo,200204,4º trimestre 2002,2522,Preço médio,118225,Total,115236,Total do trimestre
3,Unidade da Federação,1020,Unidades,219,35,São Paulo,200301,1º trimestre 2003,151,Número de informantes,118225,Total,115236,Total do trimestre
3,Unidade da Federação,25,Mil litros,625437,35,São Paulo,200301,1º trimestre 2003,282,"Quantidade de leite cru, resfriado ou não, adquirido",118225,Total,115236,Total do trimestre
3,Unidade da Federação,25,Mil litros,623538,35,São Paulo,200301,1º trimestre 2003,283,"Quantidade de leite cru, resfriado ou não, industrializado",118225,Total,115236,Total do trimestre
3,Unidade da Federação,,,...,35,São Paulo,200301,1º trimestre 2003,396,Número de informantes do preço do leite,118225,Total,115236,Total do trimestre
3,Unidade da Federação,,,...,35,São Paulo,200301,1º trimestre 2003,2522,Preço médio,118225,Total,115236,Total do trimestre
3,Unidade da Federação,1020,Unidades,215,35,São Paulo,200302,2º trimestre 2003,151,Número de informantes,118225,Total,115236,Total do trimestre
3,Unidade da Federação,25,Mil litros,564784,35,São Paulo,200302,2º trimestre 2003,282,"Quantidade de leite cru, resfriado ou não, adquirido",118225,Total,115236,Total do trimestre
3,Unidade da Federação,25,Mil litros,561731,35,São Paulo,200302,2º trimestre 2003,283,"Quantidade de leite cru, resfriado ou não, industrializado",118225,Total,115236,Total do trimestre
3,Unidade da Federação,,,...,35,São Paulo,200302,2º trimestre 2003,396,Número de informantes do preço do leite,118225,Total,115236,Total do trimestre
3,Unidade da Federação,,,...,35,São Paulo,200302,2º trimestre 2003,2522,Preço médio,118225,Total,115236,Total do trimestre
3,Unidade da Federação,1020,Unidades,206,35,São Paulo,200303,3º trimestre 2003,151,Número de informantes,118225,Total,115236,Total do trimestre
3,Unidade da Federação,25,Mil litros,569737,35,São Paulo,200303,3º trimestre 2003,282,"Quantidade de leite cru, resfriado ou não, adquirido",118225,Total,115236,Total do trimestre
3,Unidade da Federação,25,Mil litros,567661,35,São Paulo,200303,3º trimestre 2003,283,"Quantidade de leite cru, resfriado ou não, industrializado",118225,Total,115236,Total do trimestre
3,Unidade da Federação,,,...,35,São Paulo,200303,3º trimestre 2003,396,Número de informantes do preço do leite,118225,Total,115236,Total do trimestre
3,Unidade da Federação,,,...,35,São Paulo,200303,3º trimestre 2003,2522,Preço médio,118225,Total,115236,Total do trimestre
3,Unidade da Federação,1020,Unidades,205,35,São Paulo,200304,4º trimestre 2003,151,Número de informantes,118225,Total,115236,Total do trimestre
3,Unidade da Federação,25,Mil litros,592943,35,São Paulo,200304,4º trimestre 2003,282,"Quantidade de leite cru, resfriado ou não, adquirido",118225,Total,115236,Total do trimestre
3,Unidade da Federação,25,Mil litros,589076,35,São Paulo,200304,4º trimestre 2003,283,"Quantidade de leite cru, resfriado ou não, industrializado",118225,Total,115236,Total do trimestre
3,Unidade da Federação,,,...,35,São Paulo,200304,4º trimestre 2003,396,Número de informantes do preço do leite,118225,Total,115236,Total do trimestre
3,Unidade da Federação,,,...,35,São Paulo,200304,4º trimestre 2003,2522,Preço médio,118225,Total,115236,Total do trimestre
3,Unidade da Federação,1020,Unidades,207,35,São Paulo,200401,1º trimestre 2004,151,Número de informantes,118225,Total,115236,Total do trimestre
3,Unidade da Federação,25,Mil litros,602420,35,São Paulo,200401,1º trimestre 2004,282,"Quantidade de leite cru, resfriado ou não, adquirido",118225,Total,115236,Total do trimestre
3,Unidade da Federação,25,Mil litros,600365,35,São Paulo,200401,1º trimestre 2004,283,"Quantidade de leite cru, resfriado ou não, industrializado",118225,Total,115236,Total do trimestre
3,Unidade da Federação,,,...,35,São Paulo,200401,1º trimestre 2004,396,Número de informantes do preço do leite,118225,Total,115236,Total do trimestre
3,Unidade da Federação,,,...,35,São Paulo,200401,1º trimestre 2004,2522,Preço médio,118225,Total,115236,Total do trimestre
3,Unidade da Federação,1020,Unidades,208,35,São Paulo,200402,2º trimestre 2004,151,Número de informantes,118225,Total,115236,Total do trimestre
3,Unidade da Federação,25,Mil litros,585069,35,São Paulo,200402,2º trimestre 2004,282,"Quantidade de leite cru, resfriado ou não, adquirido",118225,Total,115236,Total do trimestre
3,Unidade da Federação,25,Mil litros,583860,35,São Paulo,200402,2º trimestre 2004,283,"Quantidade de leite cru, resfriado ou não, industrializado",118225,Total,115236,Total do trimestre
3,Unidade da Federação,,,...,35,São Paulo,200402,2º trimestre 2004,396,Número de informantes do preço do leite,118225,Total,115236,Total do trimestre
3,Unidade da Federação,,,...,35,São Paulo,200402,2º trimestre 2004,2522,Preço médio,118225,Total,115236,Total do trimestre
3,Unidade da Federação,1020,Unidades,211,35,São Paulo,200403,3º trimestre 2004,151,Número de informantes,118225,Total,115236,Total do trimestre
3,Unidade da Federação,25,Mil litros,586207,35,São Paulo,200403,3º trimestre 2004,282,"Quantidade de leite cru, resfriado ou não, adquirido",118225,Total,115236,Total do trimestre
3,Unidade da Federação,25,Mil litros,585288,35,São Paulo,200403,3º trimestre 2004,283,"Quantidade de leite cru, resfriado ou não, industrializado",118225,Total,115236,Total do trimestre
3,Unidade da Federação,,,...,35,São Paulo,200403,3º trimestre 2004,396,Número de informantes do preço do leite,118225,Total,115236,Total do trimestre
3,Unidade da Federação,,,...,35,São Paulo,200403,3º trimestre 2004,2522,Preço médio,118225,Total,115236,Total do trimestre
3,Unidade da Federação,1020,Unidades,210,35,São Paulo,200404,4º trimestre 2004,151,Número de informantes,118225,Total,115236,Total do trimestre
3,Unidade da Federação,25,Mil litros,634896,35,São Paulo,200404,4º trimestre 2004,282,"Quantidade de leite cru, resfriado ou não, adquirido",118225,Total,115236,Total do trimestre
3,Unidade da Federação,25,Mil litros,632138,35,São Paulo,200404,4º trimestre 2004,283,"Quantidade de leite cru, resfriado ou não, industrializado",118225,Total,115236,Total do trimestre
3,Unidade da Federação,,,...,35,São Paulo,200404,4º trimestre 2004,396,Número de informantes do preço do leite,118225,Total,115236,Total do trimestre
3,Unidade da Federação,,,...,35,São Paulo,200404,4º trimestre 2004,2522,Preço médio,118225,Total,115236,Total do trimestre
3,Unidade da Federação,1020,Unidades,212,35,São Paulo,200501,1º trimestre 2005,151,Número de informantes,118225,Total,115236,Total do trimestre
3,Unidade da Federação,25,Mil litros,579053,35,São Paulo,200501,1º trimestre 2005,282,"Quantidade de leite cru, resfriado ou não, adquirido",118225,Total,115236,Total do trimestre
3,Unidade da Federação,25,Mil litros,575716,35,São Paulo,200501,1º trimestre 2005,283,"Quantidade de leite cru, resfriado ou não, industrializado",118225,Total,115236,Total do trimestre
3,Unidade da Federação,,,...,35,São Paulo,200501,1º trimestre 2005,396,Número de informantes do preço do leite,118225,Total,115236,Total do trimestre
3,Unidade da Federação,,,...,35,São Paulo,200501,1º trimestre 2005,2522,Preço médio,118225,Total,115236,Total do trimestre
3,Unidade da Federação,1020,Unidades,206,35,São Paulo,200502,2º trimestre 2005,151,Número de informantes,118225,Total,115236,Total do trimestre
3,Unidade da Federação,25,Mil litros,569592,35,São Paulo,200502,2º trimestre 2005,282,"Quantidade de leite cru, resfriado ou não, adquirido",118225,Total,115236,Total do trimestre
3,Unidade da Federação,25,Mil litros,564767,35,São Paulo,200502,2º trimestre 2005,283,"Quantidade de leite cru, resfriado ou não, industrializado",118225,Total,115236,Total do trimestre
3,Unidade da Federação,,,...,35,São Paulo,200502,2º trimestre 2005,396,Número de informantes do preço do leite,118225,Total,115236,Total do trimestre
3,Unidade da Federação,,,...,35,São Paulo,200502,2º trimestre 2005,2522,Preço médio,118225,Total,115236,Total do trimestre
3,Unidade da Federação,1020,Unidades,205,35,São Paulo,200503,3º trimestre 2005,151,Número de informantes,118225,Total,115236,Total do trimestre
3,Unidade da Federação,25,Mil litros,575060,35,São Paulo,200503,3º trimestre 2005,282,"Quantidade de leite cru, resfriado ou não, adquirido",118225,Total,115236,Total do trimestre
3,Unidade da Federação,25,Mil litros,573875,35,São Paulo,200503,3º trimestre 2005,283,"Quantidade de leite cru, resfriado ou não, industrializado",118225,Total,115236,Total do trimestre
3,Unidade da Federação,,,...,35,São Paulo,200503,3º trimestre 2005,396,Número de informantes do preço do leite,118225,Total,115236,Total do trimestre
3,Unidade da Federação,,,...,35,São Paulo,200503,3º trimestre 2005,2522,Preço médio,118225,Total,115236,Total do trimestre
3,Unidade da Federação,1020,Unidades,204,35,São Paulo,200504,4º trimestre 2005,151,Número de informantes,118225,Total,115236,Total do trimestre
3,Unidade da Federação,25,Mil litros,576153,35,São Paulo,200504,4º trimestre 2005,282,"Quantidade de leite cru, resfriado ou não, adquirido",118225,Total,115236,Total do trimestre
3,Unidade da Federação,25,Mil litros,574782,35,São Paulo,200504,4º trimestre 2005,283,"Quantidade de leite cru, resfriado ou não, industrializado",118225,Total,115236,Total do trimestre
3,Unidade da Federação,,,...,35,São Paulo,200504,4º trimestre 2005,396,Número de informantes do preço do leite,118225,Total,115236,Total do trimestre
3,Unidade da Federação,,,...,35,São Paulo,200504,4º trimestre 2005,2522,Preço médio,118225,Total,115236,Total do trimestre
3,Unidade da Federação,1020,Unidades,198,35,São Paulo,200601,1º trimestre 2006,151,Número de informantes,118225,Total,115236,Total do trimestre
3,Unidade da Federação,25,Mil litros,531074,35,São Paulo,200601,1º trimestre 2006,282,"Quantidade de leite cru, resfriado ou não, adquirido",118225,Total,115236,Total do trimestre
3,Unidade da Federação,25,Mil litros,529235,35,São Paulo,200601,1º trimestre 2006,283,"Quantidade de leite cru, resfriado ou não, industrializado",118225,Total,115236,Total do trimestre
3,Unidade da Federação,,,...,35,São Paulo,200601,1º trimestre 2006,396,Número de informantes do preço do leite,118225,Total,115236,Total do trimestre
3,Unidade da Federação,,,...,35,São Paulo,200601,1º trimestre 2006,2522,Preço médio,118225,Total,115236,Total do trimestre
3,Unidade da Federação,1020,Unidades,195,35,São Paulo,200602,2º trimestre 2006,151,Número de informantes,118225,Total,115236,Total do trimestre
3,Unidade da Federação,25,Mil litros,517508,35,São Paulo,200602,2º trimestre 2006,282,"Quantidade de leite cru, resfriado ou não, adquirido",118225,Total,115236,Total do trimestre
3,Unidade da Federação,25,Mil litros,515008,35,São Paulo,200602,2º trimestre 2006,283,"Quantidade de leite cru, resfriado ou não, industrializado",118225,Total,115236,Total do trimestre
3,Unidade da Federação,,,...,35,São Paulo,200602,2º trimestre 2006,396,Número de informantes do preço do leite,118225,Total,115236,Total do trimestre
3,Unidade da Federação,,,...,35,São Paulo,200602,2º trimestre 2006,2522,Preço médio,118225,Total,115236,Total do trimestre
3,Unidade da Federação,1020,Unidades,186,35,São Paulo,200603,3º trimestre 2006,151,Número de informantes,118225,Total,115236,Total do trimestre
3,Unidade da Federação,25,Mil litros,506427,35,São Paulo,200603,3º trimestre 2006,282,"Quantidade de leite cru, resfriado ou não, adquirido",118225,Total,115236,Total do trimestre
3,Unidade da Federação,25,Mil litros,502878,35,São Paulo,200603,3º trimestre 2006,283,"Quantidade de leite cru, resfriado ou não, industrializado",118225,Total,115236,Total do trimestre
3,Unidade da Federação,,,...,35,São Paulo,200603,3º trimestre 2006,396,Número de informantes do preço do leite,118225,Total,115236,Total do trimestre
3,Unidade da Federação,,,...,35,São Paulo,200603,3º trimestre 2006,2522,Preço médio,118225,Total,115236,Total do trimestre
3,Unidade da Federação,1020,Unidades,185,35,São Paulo,200604,4º trimestre 2006,151,Número de informantes,118225,Total,115236,Total do trimestre
3,Unidade da Federação,25,Mil litros,558696,35,São Paulo,200604,4º trimestre 2006,282,"Quantidade de leite cru, resfriado ou não, adquirido",118225,Total,115236,Total do trimestre
3,Unidade da Federação,25,Mil litros,554633,35,São Paulo,200604,4º trimestre 2006,283,"Quantidade de leite cru, resfriado ou não, industrializado",118225,Total,115236,Total do trimestre
3,Unidade da Federação,,,...,35,São Paulo,200604,4º trimestre 2006,396,Número de informantes do preço do leite,118225,Total,115236,Total do trimestre
3,Unidade da Federação,,,...,35,São Paulo,200604,4º trimestre 2006,2522,Preço médio,118225,Total,115236,Total do trimestre
3,Unidade da Federação,1020,Unidades,182,35,São Paulo,200701,1º trimestre 2007,151,Número de informantes,118225,Total,115236,Total do trimestre
3,Unidade da Federação,25,Mil litros,550975,35,São Paulo,200701,1º trimestre 2007,282,"Quantidade de leite cru, resfriado ou não, adquirido",118225,Total,115236,Total do trimestre
3,Unidade da Federação,25,Mil litros,548818,35,São Paulo,200701,1º trimestre 2007,283,"Quantidade de leite cru, resfriado ou não, industrializado",118225,Total,115236,Total do trimestre
3,Unidade da Federação,,,...,35,São Paulo,200701,1º trimestre 2007,396,Número de informantes do preço do leite,118225,Total,115236,Total do trimestre
3,Unidade da Federação,,,...,35,São Paulo,200701,1º trimestre 2007,2522,Preço médio,118225,Total,115236,Total do trimestre
3,Unidade da Federação,1020,Unidades,179,35,São Paulo,200702,2º trimestre 2007,151,Número de informantes,118225,Total,115236,Total do trimestre
3,Unidade da Federação,25,Mil litros,507747,35,São Paulo,200702,2º trimestre 2007,282,"Quantidade de leite cru, resfriado ou não, adquirido",118225,Total,115236,Total do trimestre
3,Unidade da Federação,25,Mil litros,504999,35,São Paulo,200702,2º trimestre 2007,283,"Quantidade de leite cru, resfriado ou não, industrializado",118225,Total,115236,Total do trimestre
3,Unidade da Federação,,,...,35,São Paulo,200702,2º trimestre 2007,396,Número de informantes do preço do leite,118225,Total,115236,Total do trimestre
3,Unidade da Federação,,,...,35,São Paulo,200702,2º trimestre 2007,2522,Preço médio,118225,Total,115236,Total do trimestre
3,Unidade da Federação,1020,Unidades,181,35,São Paulo,200703,3º trimestre 2007,151,Número de informantes,118225,Total,115236,Total do trimestre
3,Unidade da Federação,25,Mil litros,573130,35,São Paulo,200703,3º trimestre 2007,282,"Quantidade de leite cru, resfriado ou não, adquirido",118225,Total,115236,Total do trimestre
3,Unidade da Federação,25,Mil litros,571055,35,São Paulo,200703,3º trimestre 2007,283,"Quantidade de leite cru, resfriado ou não, industrializado",118225,Total,115236,Total do trimestre
3,Unidade da Federação,,,...,35,São Paulo,200703,3º trimestre 2007,396,Número de informantes do preço do leite,118225,Total,115236,Total do trimestre
3,Unidade da Federação,,,...,35,São Paulo,200703,3º trimestre 2007,2522,Preço médio,118225,Total,115236,Total do trimestre
3,Unidade da Federação,1020,Unidades,180,35,São Paulo,200704,4º trimestre 2007,151,Número de informantes,118225,Total,115236,Total do trimestre
3,Unidade da Federação,25,Mil litros,594523,35,São Paulo,200704,4º trimestre 2007,282,"Quantidade de leite cru, resfriado ou não, adquirido",118225,Total,115236,Total do trimestre
3,Unidade da Federação,25,Mil litros,591139,35,São Paulo,200704,4º trimestre 2007,283,"Quantidade de leite cru, resfriado ou não, industrializado",118225,Total,115236,Total do trimestre
3,Unidade da Federação,,,...,35,São Paulo,200704,4º trimestre 2007,396,Número de informantes do preço do leite,118225,Total,115236,Total do trimestre
3,Unidade da Federação,,,...,35,São Paulo,200704,4º trimestre 2007,2522,Preço médio,118225,Total,115236,Total do trimestre
3,Unidade da Federação,1020,Unidades,175,35,São Paulo,200801,1º trimestre 2008,151,Número de informantes,118225,Total,115236,Total do trimestre
3,Unidade da Federação,25,Mil litros,586758,35,São Paulo,200801,1º trimestre 2008,282,"Quantidade de leite cru, resfriado ou não, adquirido",118225,Total,115236,Total do trimestre
3,Unidade da Federação,25,Mil litros,583833,35,São Paulo,200801,1º trimestre 2008,283,"Quantidade de leite cru, resfriado ou não, industrializado",118225,Total,115236,Total do trimestre
3,Unidade da Federação,,,...,35,São Paulo,200801,1º trimestre 2008,396,Número de informantes do preço do leite,118225,Total,115236,Total do trimestre
3,Unidade da Federação,,,...,35,São Paulo,200801,1º trimestre 2008,2522,Preço médio,118225,Total,115236,Total do trimestre
3,Unidade da Federação,1020,Unidades,175,35,São Paulo,200802,2º trimestre 2008,151,Número de informantes,118225,Total,115236,Total do trimestre
3,Unidade da Federação,25,Mil litros,561039,35,São Paulo,200802,2º trimestre 2008,282,"Quantidade de leite cru, resfriado ou não, adquirido",118225,Total,115236,Total do trimestre
3,Unidade da Federação,25,Mil litros,553006,35,São Paulo,200802,2º trimestre 2008,283,"Quantidade de leite cru, resfriado ou não, industrializado",118225,Total,115236,Total do trimestre
3,Unidade da Federação,,,...,35,São Paulo,200802,2º trimestre 2008,396,Número de informantes do preço do leite,118225,Total,115236,Total do trimestre
3,Unidade da Federação,,,...,35,São Paulo,200802,2º trimestre 2008,2522,Preço médio,118225,Total,115236,Total do trimestre
3,Unidade da Federação,1020,Unidades,171,35,São Paulo,200803,3º trimestre 2008,151,Número de informantes,118225,Total,115236,Total do trimestre
3,Unidade da Federação,25,Mil litros,564603,35,São Paulo,200803,3º trimestre 2008,282,"Quantidade de leite cru, resfriado ou não, adquirido",118225,Total,115236,Total do trimestre
3,Unidade da Federação,25,Mil litros,558481,35,São Paulo,200803,3º trimestre 2008,283,"Quantidade de leite cru, resfriado ou não, industrializado",118225,Total,115236,Total do trimestre
3,Unidade da Federação,,,...,35,São Paulo,200803,3º trimestre 2008,396,Número de informantes do preço do leite,118225,Total,115236,Total do trimestre
3,Unidade da Federação,,,...,35,São Paulo,200803,3º trimestre 2008,2522,Preço médio,118225,Total,115236,Total do trimestre
3,Unidade da Federação,1020,Unidades,173,35,São Paulo,200804,4º trimestre 2008,151,Número de informantes,118225,Total,115236,Total do trimestre
3,Unidade da Federação,25,Mil litros,581877,35,São Paulo,200804,4º trimestre 2008,282,"Quantidade de leite cru, resfriado ou não, adquirido",118225,Total,115236,Total do trimestre
3,Unidade da Federação,25,Mil litros,571498,35,São Paulo,200804,4º trimestre 2008,283,"Quantidade de leite cru, resfriado ou não, industrializado",118225,Total,115236,Total do trimestre
3,Unidade da Federação,,,...,35,São Paulo,200804,4º trimestre 2008,396,Número de informantes do preço do leite,118225,Total,115236,Total do trimestre
3,Unidade da Federação,,,...,35,São Paulo,200804,4º trimestre 2008,2522,Preço médio,118225,Total,115236,Total do trimestre
3,Unidade da Federação,1020,Unidades,171,35,São Paulo,200901,1º trimestre 2009,151,Número de informantes,118225,Total,115236,Total do trimestre
3,Unidade da Federação,25,Mil litros,524069,35,São Paulo,200901,1º trimestre 2009,282,"Quantidade de leite cru, resfriado ou não, adquirido",118225,Total,115236,Total do trimestre
3,Unidade da Federação,25,Mil litros,515827,35,São Paulo,200901,1º trimestre 2009,283,"Quantidade de leite cru, resfriado ou não, industrializado",118225,Total,115236,Total do trimestre
3,Unidade da Federação,,,...,35,São Paulo,200901,1º trimestre 2009,396,Número de informantes do preço do leite,118225,Total,115236,Total do trimestre
3,Unidade da Federação,,,...,35,São Paulo,200901,1º trimestre 2009,2522,Preço médio,118225,Total,115236,Total do trimestre
3,Unidade da Federação,1020,Unidades,169,35,São Paulo,200902,2º trimestre 2009,151,Número de informantes,118225,Total,115236,Total do trimestre
3,Unidade da Federação,25,Mil litros,489504,35,São Paulo,200902,2º trimestre 2009,282,"Quantidade de leite cru, resfriado ou não, adquirido",118225,Total,115236,Total do trimestre
3,Unidade da Federação,25,Mil litros,486459,35,São Paulo,200902,2º trimestre 2009,283,"Quantidade de leite cru, resfriado ou não, industrializado",118225,Total,115236,Total do trimestre
3,Unidade da Federação,,,...,35,São Paulo,200902,2º trimestre 2009,396,Número de informantes do preço do leite,118225,Total,115236,Total do trimestre
3,Unidade da Federação,,,...,35,São Paulo,200902,2º trimestre 2009,2522,Preço médio,118225,Total,115236,Total do trimestre
3,Unidade da Federação,1020,Unidades,169,35,São Paulo,200903,3º trimestre 2009,151,Número de informantes,118225,Total,115236,Total do trimestre
3,Unidade da Federação,25,Mil litros,516040,35,São Paulo,200903,3º trimestre 2009,282,"Quantidade de leite cru, resfriado ou não, adquirido",118225,Total,115236,Total do trimestre
3,Unidade da Federação,25,Mil litros,513027,35,São Paulo,200903,3º trimestre 2009,283,"Quantidade de leite cru, resfriado ou não, industrializado",118225,Total,115236,Total do trimestre
3,Unidade da Federação,,,...,35,São Paulo,200903,3º trimestre 2009,396,Número de informantes do preço do leite,118225,Total,115236,Total do trimestre
3,Unidade da Federação,,,...,35,São Paulo,200903,3º trimestre 2009,2522,Preço médio,118225,Total,115236,Total do trimestre
3,Unidade da Federação,1020,Unidades,167,35,São Paulo,200904,4º trimestre 2009,151,Número de informantes,118225,Total,115236,Total do trimestre
3,Unidade da Federação,25,Mil litros,584205,35,São Paulo,200904,4º trimestre 2009,282,"Quantidade de leite cru, resfriado ou não, adquirido",118225,Total,115236,Total do trimestre
3,Unidade da Federação,25,Mil litros,574983,35,São Paulo,200904,4º trimestre 2009,283,"Quantidade de leite cru, resfriado ou não, industrializado",118225,Total,115236,Total do trimestre
3,Unidade da Federação,,,...,35,São Paulo,200904,4º trimestre 2009,396,Número de informantes do preço do leite,118225,Total,115236,Total do trimestre
3,Unidade da Federação,,,...,35,São Paulo,200904,4º trimestre 2009,2522,Preço médio,118225,Total,115236,Total do trimestre
3,Unidade da Federação,1020,Unidades,167,35,São Paulo,201001,1º trimestre 2010,151,Número de informantes,118225,Total,115236,Total do trimestre
3,Unidade da Federação,25,Mil litros,576277,35,São Paulo,201001,1º trimestre 2010,282,"Quantidade de leite cru, resfriado ou não, adquirido",118225,Total,115236,Total do trimestre
3,Unidade da Federação,25,Mil litros,569938,35,São Paulo,201001,1º trimestre 2010,283,"Quantidade de leite cru, resfriado ou não, industrializado",118225,Total,115236,Total do trimestre
3,Unidade da Federação,,,...,35,São Paulo,201001,1º trimestre 2010,396,Número de informantes do preço do leite,118225,Total,115236,Total do trimestre
3,Unidade da Federação,,,...,35,São Paulo,201001,1º trimestre 2010,2522,Preço médio,118225,Total,115236,Total do trimestre
3,Unidade da Federação,1020,Unidades,171,35,São Paulo,201002,2º trimestre 2010,151,Número de informantes,118225,Total,115236,Total do trimestre
3,Unidade da Federação,25,Mil litros,538157,35,São Paulo,201002,2º trimestre 2010,282,"Quantidade de leite cru, resfriado ou não, adquirido",118225,Total,115236,Total do trimestre
3,Unidade da Federação,25,Mil litros,538067,35,São Paulo,201002,2º trimestre 2010,283,"Quantidade de leite cru, resfriado ou não, industrializado",118225,Total,115236,Total do trimestre
3,Unidade da Federação,,,...,35,São Paulo,201002,2º trimestre 2010,396,Número de informantes do preço do leite,118225,Total,115236,Total do trimestre
3,Unidade da Federação,,,...,35,São Paulo,201002,2º trimestre 2010,2522,Preço médio,118225,Total,115236,Total do trimestre
3,Unidade da Federação,1020,Unidades,172,35,São Paulo,201003,3º trimestre 2010,151,Número de informantes,118225,Total,115236,Total do trimestre
3,Unidade da Federação,25,Mil litros,575251,35,São Paulo,201003,3º trimestre 2010,282,"Quantidade de leite cru, resfriado ou não, adquirido",118225,Total,115236,Total do trimestre
3,Unidade da Federação,25,Mil litros,572669,35,São Paulo,201003,3º trimestre 2010,283,"Quantidade de leite cru, resfriado ou não, industrializado",118225,Total,115236,Total do trimestre
3,Unidade da Federação,,,...,35,São Paulo,201003,3º trimestre 2010,396,Número de informantes do preço do leite,118225,Total,115236,Total do trimestre
3,Unidade da Federação,,,...,35,São Paulo,201003,3º trimestre 2010,2522,Preço médio,118225,Total,115236,Total do trimestre
3,Unidade da Federação,1020,Unidades,169,35,São Paulo,201004,4º trimestre 2010,151,Número de informantes,118225,Total,115236,Total do trimestre
3,Unidade da Federação,25,Mil litros,626393,35,São Paulo,201004,4º trimestre 2010,282,"Quantidade de leite cru, resfriado ou não, adquirido",118225,Total,115236,Total do trimestre
3,Unidade da Federação,25,Mil litros,622004,35,São Paulo,201004,4º trimestre 2010,283,"Quantidade de leite cru, resfriado ou não, industrializado",118225,Total,115236,Total do trimestre
3,Unidade da Federação,,,...,35,São Paulo,201004,4º trimestre 2010,396,Número de informantes do preço do leite,118225,Total,115236,Total do trimestre
3,Unidade da Federação,,,...,35,São Paulo,201004,4º trimestre 2010,2522,Preço médio,118225,Total,115236,Total do trimestre
3,Unidade da Federação,1020,Unidades,167,35,São Paulo,201101,1º trimestre 2011,151,Número de informantes,118225,Total,115236,Total do trimestre
3,Unidade da Federação,25,Mil litros,594366,35,São Paulo,201101,1º trimestre 2011,282,"Quantidade de leite cru, resfriado ou não, adquirido",118225,Total,115236,Total do trimestre
3,Unidade da Federação,25,Mil litros,592085,35,São Paulo,201101,1º trimestre 2011,283,"Quantidade de leite cru, resfriado ou não, industrializado",118225,Total,115236,Total do trimestre
3,Unidade da Federação,,,...,35,São Paulo,201101,1º trimestre 2011,396,Número de informantes do preço do leite,118225,Total,115236,Total do trimestre
3,Unidade da Federação,,,...,35,São Paulo,201101,1º trimestre 2011,2522,Preço médio,118225,Total,115236,Total do trimestre
3,Unidade da Federação,1020,Unidades,170,35,São Paulo,201102,2º trimestre 2011,151,Número de informantes,118225,Total,115236,Total do trimestre
3,Unidade da Federação,25,Mil litros,588822,35,São Paulo,201102,2º trimestre 2011,282,"Quantidade de leite cru, resfriado ou não, adquirido",118225,Total,115236,Total do trimestre
3,Unidade da Federação,25,Mil litros,586154,35,São Paulo,201102,2º trimestre 2011,283,"Quantidade de leite cru, resfriado ou não, industrializado",118225,Total,115236,Total do trimestre
3,Unidade da Federação,,,...,35,São Paulo,201102,2º trimestre 2011,396,Número de informantes do preço do leite,118225,Total,115236,Total do trimestre
3,Unidade da Federação,,,...,35,São Paulo,201102,2º trimestre 2011,2522,Preço médio,118225,Total,115236,Total do trimestre
3,Unidade da Federação,1020,Unidades,168,35,São Paulo,201103,3º trimestre 2011,151,Número de informantes,118225,Total,115236,Total do trimestre
3,Unidade da Federação,25,Mil litros,658627,35,São Paulo,201103,3º trimestre 2011,282,"Quantidade de leite cru, resfriado ou não, adquirido",118225,Total,115236,Total do trimestre
3,Unidade da Federação,25,Mil litros,652075,35,São Paulo,201103,3º trimestre 2011,283,"Quantidade de leite cru, resfriado ou não, industrializado",118225,Total,115236,Total do trimestre
3,Unidade da Federação,,,...,35,São Paulo,201103,3º trimestre 2011,396,Número de informantes do preço do leite,118225,Total,115236,Total do trimestre
3,Unidade da Federação,,,...,35,São Paulo,201103,3º trimestre 2011,2522,Preço médio,118225,Total,115236,Total do trimestre
3,Unidade da Federação,1020,Unidades,167,35,São Paulo,201104,4º trimestre 2011,151,Número de informantes,118225,Total,115236,Total do trimestre
3,Unidade da Federação,25,Mil litros,673291,35,São Paulo,201104,4º trimestre 2011,282,"Quantidade de leite cru, resfriado ou não, adquirido",118225,Total,115236,Total do trimestre
3,Unidade da Federação,25,Mil litros,671557,35,São Paulo,201104,4º trimestre 2011,283,"Quantidade de leite cru, resfriado ou não, industrializado",118225,Total,115236,Total do trimestre
3,Unidade da Federação,,,...,35,São Paulo,201104,4º trimestre 2011,396,Número de informantes do preço do leite,118225,Total,115236,Total do trimestre
3,Unidade da Federação,,,...,35,São Paulo,201104,4º trimestre 2011,2522,Preço médio,118225,Total,115236,Total do trimestre
3,Unidade da Federação,1020,Unidades,171,35,São Paulo,201201,1º trimestre 2012,151,Número de informantes,118225,Total,115236,Total do trimestre
3,Unidade da Federação,25,Mil litros,585138,35,São Paulo,201201,1º trimestre 2012,282,"Quantidade de leite cru, resfriado ou não, adquirido",118225,Total,115236,Total do trimestre
3,Unidade da Federação,25,Mil litros,583875,35,São Paulo,201201,1º trimestre 2012,283,"Quantidade de leite cru, resfriado ou não, industrializado",118225,Total,115236,Total do trimestre
3,Unidade da Federação,,,...,35,São Paulo,201201,1º trimestre 2012,396,Número de informantes do preço do leite,118225,Total,115236,Total do trimestre
3,Unidade da Federação,,,...,35,São Paulo,201201,1º trimestre 2012,2522,Preço médio,118225,Total,115236,Total do trimestre
3,Unidade da Federação,1020,Unidades,169,35,São Paulo,201202,2º trimestre 2012,151,Número de informantes,118225,Total,115236,Total do trimestre
3,Unidade da Federação,25,Mil litros,555042,35,São Paulo,201202,2º trimestre 2012,282,"Quantidade de leite cru, resfriado ou não, adquirido",118225,Total,115236,Total do trimestre
3,Unidade da Federação,25,Mil litros,553837,35,São Paulo,201202,2º trimestre 2012,283,"Quantidade de leite cru, resfriado ou não, industrializado",118225,Total,115236,Total do trimestre
3,Unidade da Federação,,,...,35,São Paulo,201202,2º trimestre 2012,396,Número de informantes do preço do leite,118225,Total,115236,Total do trimestre
3,Unidade da Federação,,,...,35,São Paulo,201202,2º trimestre 2012,2522,Preço médio,118225,Total,115236,Total do trimestre
3,Unidade da Federação,1020,Unidades,166,35,São Paulo,201203,3º trimestre 2012,151,Número de informantes,118225,Total,115236,Total do trimestre
3,Unidade da Federação,25,Mil litros,587459,35,São Paulo,201203,3º trimestre 2012,282,"Quantidade de leite cru, resfriado ou não, adquirido",118225,Total,115236,Total do trimestre
3,Unidade da Federação,25,Mil litros,586427,35,São Paulo,201203,3º trimestre 2012,283,"Quantidade de leite cru, resfriado ou não, industrializado",118225,Total,115236,Total do trimestre
3,Unidade da Federação,,,...,35,São Paulo,201203,3º trimestre 2012,396,Número de informantes do preço do leite,118225,Total,115236,Total do trimestre
3,Unidade da Federação,,,...,35,São Paulo,201203,3º trimestre 2012,2522,Preço médio,118225,Total,115236,Total do trimestre
3,Unidade da Federação,1020,Unidades,167,35,São Paulo,201204,4º trimestre 2012,151,Número de informantes,118225,Total,115236,Total do trimestre
3,Unidade da Federação,25,Mil litros,604395,35,São Paulo,201204,4º trimestre 2012,282,"Quantidade de leite cru, resfriado ou não, adquirido",118225,Total,115236,Total do trimestre
3,Unidade da Federação,25,Mil litros,603700,35,São Paulo,201204,4º trimestre 2012,283,"Quantidade de leite cru, resfriado ou não, industrializado",118225,Total,115236,Total do trimestre
3,Unidade da Federação,,,...,35,São Paulo,201204,4º trimestre 2012,396,Número de informantes do preço do leite,118225,Total,115236,Total do trimestre
3,Unidade da Federação,,,...,35,São Paulo,201204,4º trimestre 2012,2522,Preço médio,118225,Total,115236,Total do trimestre
3,Unidade da Federação,1020,Unidades,176,35,São Paulo,201301,1º trimestre 2013,151,Número de informantes,118225,Total,115236,Total do trimestre
3,Unidade da Federação,25,Mil litros,602811,35,São Paulo,201301,1º trimestre 2013,282,"Quantidade de leite cru, resfriado ou não, adquirido",118225,Total,115236,Total do trimestre
3,Unidade da Federação,25,Mil litros,602528,35,São Paulo,201301,1º trimestre 2013,283,"Quantidade de leite cru, resfriado ou não, industrializado",118225,Total,115236,Total do trimestre
3,Unidade da Federação,,,...,35,São Paulo,201301,1º trimestre 2013,396,Número de informantes do preço do leite,118225,Total,115236,Total do trimestre
3,Unidade da Federação,,,...,35,São Paulo,201301,1º trimestre 2013,2522,Preço médio,118225,Total,115236,Total do trimestre
3,Unidade da Federação,1020,Unidades,172,35,São Paulo,201302,2º trimestre 2013,151,Número de informantes,118225,Total,115236,Total do trimestre
3,Unidade da Federação,25,Mil litros,584584,35,São Paulo,201302,2º trimestre 2013,282,"Quantidade de leite cru, resfriado ou não, adquirido",118225,Total,115236,Total do trimestre
3,Unidade da Federação,25,Mil litros,583383,35,São Paulo,201302,2º trimestre 2013,283,"Quantidade de leite cru, resfriado ou não, industrializado",118225,Total,115236,Total do trimestre
3,Unidade da Federação,,,...,35,São Paulo,201302,2º trimestre 2013,396,Número de informantes do preço do leite,118225,Total,115236,Total do trimestre
3,Unidade da Federação,,,...,35,São Paulo,201302,2º trimestre 2013,2522,Preço médio,118225,Total,115236,Total do trimestre
3,Unidade da Federação,1020,Unidades,170,35,São Paulo,201303,3º trimestre 2013,151,Número de informantes,118225,Total,115236,Total do trimestre
3,Unidade da Federação,25,Mil litros,655932,35,São Paulo,201303,3º trimestre 2013,282,"Quantidade de leite cru, resfriado ou não, adquirido",118225,Total,115236,Total do trimestre
3,Unidade da Federação,25,Mil litros,654941,35,São Paulo,201303,3º trimestre 2013,283,"Quantidade de leite cru, resfriado ou não, industrializado",118225,Total,115236,Total do trimestre
3,Unidade da Federação,,,...,35,São Paulo,201303,3º trimestre 2013,396,Número de informantes do preço do leite,118225,Total,115236,Total do trimestre
3,Unidade da Federação,,,...,35,São Paulo,201303,3º trimestre 2013,2522,Preço médio,118225,Total,115236,Total do trimestre
3,Unidade da Federação,1020,Unidades,169,35,São Paulo,201304,4º trimestre 2013,151,Número de informantes,118225,Total,115236,Total do trimestre
3,Unidade da Federação,25,Mil litros,688183,35,São Paulo,201304,4º trimestre 2013,282,"Quantidade de leite cru, resfriado ou não, adquirido",118225,Total,115236,Total do trimestre
3,Unidade da Federação,25,Mil litros,682964,35,São Paulo,201304,4º trimestre 2013,283,"Quantidade de leite cru, resfriado ou não, industrializado",118225,Total,115236,Total do trimestre
3,Unidade da Federação,,,...,35,São Paulo,201304,4º trimestre 2013,396,Número de informantes do preço do leite,118225,Total,115236,Total do trimestre
3,Unidade da Federação,,,...,35,São Paulo,201304,4º trimestre 2013,2522,Preço médio,118225,Total,115236,Total do trimestre
3,Unidade da Federação,1020,Unidades,167,35,São Paulo,201401,1º trimestre 2014,151,Número de informantes,118225,Total,115236,Total do trimestre
3,Unidade da Federação,25,Mil litros,634825,35,São Paulo,201401,1º trimestre 2014,282,"Quantidade de leite cru, resfriado ou não, adquirido",118225,Total,115236,Total do trimestre
3,Unidade da Federação,25,Mil litros,633620,35,São Paulo,201401,1º trimestre 2014,283,"Quantidade de leite cru, resfriado ou não, industrializado",118225,Total,115236,Total do trimestre
3,Unidade da Federação,,,...,35,São Paulo,201401,1º trimestre 2014,396,Número de informantes do preço do leite,118225,Total,115236,Total do trimestre
3,Unidade da Federação,,,...,35,São Paulo,201401,1º trimestre 2014,2522,Preço médio,118225,Total,115236,Total do trimestre
3,Unidade da Federação,1020,Unidades,172,35,São Paulo,201402,2º trimestre 2014,151,Número de informantes,118225,Total,115236,Total do trimestre
3,Unidade da Federação,25,Mil litros,588104,35,São Paulo,201402,2º trimestre 2014,282,"Quantidade de leite cru, resfriado ou não, adquirido",118225,Total,115236,Total do trimestre
3,Unidade da Federação,25,Mil litros,587154,35,São Paulo,201402,2º trimestre 2014,283,"Quantidade de leite cru, resfriado ou não, industrializado",118225,Total,115236,Total do trimestre
3,Unidade da Federação,,,...,35,São Paulo,201402,2º trimestre 2014,396,Número de informantes do preço do leite,118225,Total,115236,Total do trimestre
3,Unidade da Federação,,,...,35,São Paulo,201402,2º trimestre 2014,2522,Preço médio,118225,Total,115236,Total do trimestre
3,Unidade da Federação,1020,Unidades,167,35,São Paulo,201403,3º trimestre 2014,151,Número de informantes,118225,Total,115236,Total do trimestre
3,Unidade da Federação,25,Mil litros,637776,35,São Paulo,201403,3º trimestre 2014,282,"Quantidade de leite cru, resfriado ou não, adquirido",118225,Total,115236,Total do trimestre
3,Unidade da Federação,25,Mil litros,636767,35,São Paulo,201403,3º trimestre 2014,283,"Quantidade de leite cru, resfriado ou não, industrializado",118225,Total,115236,Total do trimestre
3,Unidade da Federação,,,...,35,São Paulo,201403,3º trimestre 2014,396,Número de informantes do preço do leite,118225,Total,115236,Total do trimestre
3,Unidade da Federação,,,...,35,São Paulo,201403,3º trimestre 2014,2522,Preço médio,118225,Total,115236,Total do trimestre
3,Unidade da Federação,1020,Unidades,165,35,São Paulo,201404,4º trimestre 2014,151,Número de informantes,118225,Total,115236,Total do trimestre
3,Unidade da Federação,25,Mil litros,664088,35,São Paulo,201404,4º trimestre 2014,282,"Quantidade de leite cru, resfriado ou não, adquirido",118225,Total,115236,Total do trimestre
3,Unidade da Federação,25,Mil litros,663346,35,São Paulo,201404,4º trimestre 2014,283,"Quantidade de leite cru, resfriado ou não, industrializado",118225,Total,115236,Total do trimestre
3,Unidade da Federação,,,...,35,São Paulo,201404,4º trimestre 2014,396,Número de informantes do preço do leite,118225,Total,115236,Total do trimestre
3,Unidade da Federação,,,...,35,São Paulo,201404,4º trimestre 2014,2522,Preço médio,118225,Total,115236,Total do trimestre
3,Unidade da Federação,1020,Unidades,163,35,São Paulo,201501,1º trimestre 2015,151,Número de informantes,118225,Total,115236,Total do trimestre
3,Unidade da Federação,25,Mil litros,616204,35,São Paulo,201501,1º trimestre 2015,282,"Quantidade de leite cru, resfriado ou não, adquirido",118225,Total,115236,Total do trimestre
3,Unidade da Federação,25,Mil litros,615492,35,São Paulo,201501,1º trimestre 2015,283,"Quantidade de leite cru, resfriado ou não, industrializado",118225,Total,115236,Total do trimestre
3,Unidade da Federação,,,...,35,São Paulo,201501,1º trimestre 2015,396,Número de informantes do preço do leite,118225,Total,115236,Total do trimestre
3,Unidade da Federação,,,...,35,São Paulo,201501,1º trimestre 2015,2522,Preço médio,118225,Total,115236,Total do trimestre
3,Unidade da Federação,1020,Unidades,161,35,São Paulo,201502,2º trimestre 2015,151,Número de informantes,118225,Total,115236,Total do trimestre
3,Unidade da Federação,25,Mil litros,615598,35,São Paulo,201502,2º trimestre 2015,282,"Quantidade de leite cru, resfriado ou não, adquirido",118225,Total,115236,Total do trimestre
3,Unidade da Federação,25,Mil litros,613518,35,São Paulo,201502,2º trimestre 2015,283,"Quantidade de leite cru, resfriado ou não, industrializado",118225,Total,115236,Total do trimestre
3,Unidade da Federação,,,...,35,São Paulo,201502,2º trimestre 2015,396,Número de informantes do preço do leite,118225,Total,115236,Total do trimestre
3,Unidade da Federação,,,...,35,São Paulo,201502,2º trimestre 2015,2522,Preço médio,118225,Total,115236,Total do trimestre
3,Unidade da Federação,1020,Unidades,163,35,São Paulo,201503,3º trimestre 2015,151,Número de informantes,118225,Total,115236,Total do trimestre
3,Unidade da Federação,25,Mil litros,659680,35,São Paulo,201503,3º trimestre 2015,282,"Quantidade de leite cru, resfriado ou não, adquirido",118225,Total,115236,Total do trimestre
3,Unidade da Federação,25,Mil litros,659067,35,São Paulo,201503,3º trimestre 2015,283,"Quantidade de leite cru, resfriado ou não, industrializado",118225,Total,115236,Total do trimestre
3,Unidade da Federação,,,...,35,São Paulo,201503,3º trimestre 2015,396,Número de informantes do preço do leite,118225,Total,115236,Total do trimestre
3,Unidade da Federação,,,...,35,São Paulo,201503,3º trimestre 2015,2522,Preço médio,118225,Total,115236,Total do trimestre
3,Unidade da Federação,1020,Unidades,163,35,São Paulo,201504,4º trimestre 2015,151,Número de informantes,118225,Total,115236,Total do trimestre
3,Unidade da Federação,25,Mil litros,715996,35,São Paulo,201504,4º trimestre 2015,282,"Quantidade de leite cru, resfriado ou não, adquirido",118225,Total,115236,Total do trimestre
3,Unidade da Federação,25,Mil litros,714681,35,São Paulo,201504,4º trimestre 2015,283,"Quantidade de leite cru, resfriado ou não, industrializado",118225,Total,115236,Total do trimestre
3,Unidade da Federação,,,...,35,São Paulo,201504,4º trimestre 2015,396,Número de informantes do preço do leite,118225,Total,115236,Total do trimestre
3,Unidade da Federação,,,...,35,São Paulo,201504,4º trimestre 2015,2522,Preço médio,118225,Total,115236,Total do trimestre
3,Unidade da Federação,1020,Unidades,163,35,São Paulo,201601,1º trimestre 2016,151,Número de informantes,118225,Total,115236,Total do trimestre
3,Unidade da Federação,25,Mil litros,618035,35,São Paulo,201601,1º trimestre 2016,282,"Quantidade de leite cru, resfriado ou não, adquirido",118225,Total,115236,Total do trimestre
3,Unidade da Federação,25,Mil litros,617457,35,São Paulo,201601,1º trimestre 2016,283,"Quantidade de leite cru, resfriado ou não, industrializado",118225,Total,115236,Total do trimestre
3,Unidade da Federação,,,...,35,São Paulo,201601,1º trimestre 2016,396,Número de informantes do preço do leite,118225,Total,115236,Total do trimestre
3,Unidade da Federação,,,...,35,São Paulo,201601,1º trimestre 2016,2522,Preço médio,118225,Total,115236,Total do trimestre
3,Unidade da Federação,1020,Unidades,163,35,São Paulo,201602,2º trimestre 2016,151,Número de informantes,118225,Total,115236,Total do trimestre
3,Unidade da Federação,25,Mil litros,589823,35,São Paulo,201602,2º trimestre 2016,282,"Quantidade de leite cru, resfriado ou não, adquirido",118225,Total,115236,Total do trimestre
3,Unidade da Federação,25,Mil litros,589373,35,São Paulo,201602,2º trimestre 2016,283,"Quantidade de leite cru, resfriado ou não, industrializado",118225,Total,115236,Total do trimestre
3,Unidade da Federação,,,...,35,São Paulo,201602,2º trimestre 2016,396,Número de informantes do preço do leite,118225,Total,115236,Total do trimestre
3,Unidade da Federação,,,...,35,São Paulo,201602,2º trimestre 2016,2522,Preço médio,118225,Total,115236,Total do trimestre
3,Unidade da Federação,1020,Unidades,160,35,São Paulo,201603,3º trimestre 2016,151,Número de informantes,118225,Total,115236,Total do trimestre
3,Unidade da Federação,25,Mil litros,654370,35,São Paulo,201603,3º trimestre 2016,282,"Quantidade de leite cru, resfriado ou não, adquirido",118225,Total,115236,Total do trimestre
3,Unidade da Federação,25,Mil litros,653640,35,São Paulo,201603,3º trimestre 2016,283,"Quantidade de leite cru, resfriado ou não, industrializado",118225,Total,115236,Total do trimestre
3,Unidade da Federação,,,...,35,São Paulo,201603,3º trimestre 2016,396,Número de informantes do preço do leite,118225,Total,115236,Total do trimestre
3,Unidade da Federação,,,...,35,São Paulo,201603,3º trimestre 2016,2522,Preço médio,118225,Total,115236,Total do trimestre
3,Unidade da Federação,1020,Unidades,158,35,São Paulo,201604,4º trimestre 2016,151,Número de informantes,118225,Total,115236,Total do trimestre
3,Unidade da Federação,25,Mil litros,696353,35,São Paulo,201604,4º trimestre 2016,282,"Quantidade de leite cru, resfriado ou não, adquirido",118225,Total,115236,Total do trimestre
3,Unidade da Federação,25,Mil litros,695804,35,São Paulo,201604,4º trimestre 2016,283,"Quantidade de leite cru, resfriado ou não, industrializado",118225,Total,115236,Total do trimestre
3,Unidade da Federação,,,...,35,São Paulo,201604,4º trimestre 2016,396,Número de informantes do preço do leite,118225,Total,115236,Total do trimestre
3,Unidade da Federação,,,...,35,São Paulo,201604,4º trimestre 2016,2522,Preço médio,118225,Total,115236,Total do trimestre
3,Unidade da Federação,1020,Unidades,160,35,São Paulo,201701,1º trimestre 2017,151,Número de informantes,118225,Total,115236,Total do trimestre
3,Unidade da Federação,25,Mil litros,678915,35,São Paulo,201701,1º trimestre 2017,282,"Quantidade de leite cru, resfriado ou não, adquirido",118225,Total,115236,Total do trimestre
3,Unidade da Federação,25,Mil litros,678310,35,São Paulo,201701,1º trimestre 2017,283,"Quantidade de leite cru, resfriado ou não, industrializado",118225,Total,115236,Total do trimestre
3,Unidade da Federação,,,...,35,São Paulo,201701,1º trimestre 2017,396,Número de informantes do preço do leite,118225,Total,115236,Total do trimestre
3,Unidade da Federação,,,...,35,São Paulo,201701,1º trimestre 2017,2522,Preço médio,118225,Total,115236,Total do trimestre
3,Unidade da Federação,1020,Unidades,162,35,São Paulo,201702,2º trimestre 2017,151,Número de informantes,118225,Total,115236,Total do trimestre
3,Unidade da Federação,25,Mil litros,705491,35,São Paulo,201702,2º trimestre 2017,282,"Quantidade de leite cru, resfriado ou não, adquirido",118225,Total,115236,Total do trimestre
3,Unidade da Federação,25,Mil litros,702647,35,São Paulo,201702,2º trimestre 2017,283,"Quantidade de leite cru, resfriado ou não, industrializado",118225,Total,115236,Total do trimestre
3,Unidade da Federação,,,...,35,São Paulo,201702,2º trimestre 2017,396,Número de informantes do preço do leite,118225,Total,115236,Total do trimestre
3,Unidade da Federação,,,...,35,São Paulo,201702,2º trimestre 2017,2522,Preço médio,118225,Total,115236,Total do trimestre
3,Unidade da Federação,1020,Unidades,160,35,São Paulo,201703,3º trimestre 2017,151,Número de informantes,118225,Total,115236,Total do trimestre
3,Unidade da Federação,25,Mil litros,721254,35,São Paulo,201703,3º trimestre 2017,282,"Quantidade de leite cru, resfriado ou não, adquirido",118225,Total,115236,Total do trimestre
3,Unidade da Federação,25,Mil litros,719936,35,São Paulo,201703,3º trimestre 2017,283,"Quantidade de leite cru, resfriado ou não, industrializado",118225,Total,115236,Total do trimestre
3,Unidade da Federação,,,...,35,São Paulo,201703,3º trimestre 2017,396,Número de informantes do preço do leite,118225,Total,115236,Total do trimestre
3,Unidade da Federação,,,...,35,São Paulo,201703,3º trimestre 2017,2522,Preço médio,118225,Total,115236,Total do trimestre
3,Unidade da Federação,1020,Unidades,158,35,São Paulo,201704,4º trimestre 2017,151,Número de informantes,118225,Total,115236,Total do trimestre
3,Unidade da Federação,25,Mil litros,765971,35,São Paulo,201704,4º trimestre 2017,282,"Quantidade de leite cru, resfriado ou não, adquirido",118225,Total,115236,Total do trimestre
3,Unidade da Federação,25,Mil litros,765395,35,São Paulo,201704,4º trimestre 2017,283,"Quantidade de leite cru, resfriado ou não, industrializado",118225,Total,115236,Total do trimestre
3,Unidade da Federação,,,...,35,São Paulo,201704,4º trimestre 2017,396,Número de informantes do preço do leite,118225,Total,115236,Total do trimestre
3,Unidade da Federação,,,...,35,São Paulo,201704,4º trimestre 2017,2522,Preço médio,118225,Total,115236,Total do trimestre
3,Unidade da Federação,1020,Unidades,159,35,São Paulo,201801,1º trimestre 2018,151,Número de informantes,118225,Total,115236,Total do trimestre
3,Unidade da Federação,25,Mil litros,679824,35,São Paulo,201801,1º trimestre 2018,282,"Quantidade de leite cru, resfriado ou não, adquirido",118225,Total,115236,Total do trimestre
3,Unidade da Federação,25,Mil litros,679427,35,São Paulo,201801,1º trimestre 2018,283,"Quantidade de leite cru, resfriado ou não, industrializado",118225,Total,115236,Total do trimestre
3,Unidade da Federação,,,...,35,São Paulo,201801,1º trimestre 2018,396,Número de informantes do preço do leite,118225,Total,115236,Total do trimestre
3,Unidade da Federação,,,...,35,São Paulo,201801,1º trimestre 2018,2522,Preço médio,118225,Total,115236,Total do trimestre
3,Unidade da Federação,1020,Unidades,159,35,São Paulo,201802,2º trimestre 2018,151,Número de informantes,118225,Total,115236,Total do trimestre
3,Unidade da Federação,25,Mil litros,621011,35,São Paulo,201802,2º trimestre 2018,282,"Quantidade de leite cru, resfriado ou não, adquirido",118225,Total,115236,Total do trimestre
3,Unidade da Federação,25,Mil litros,620499,35,São Paulo,201802,2º trimestre 2018,283,"Quantidade de leite cru, resfriado ou não, industrializado",118225,Total,115236,Total do trimestre
3,Unidade da Federação,,,...,35,São Paulo,201802,2º trimestre 2018,396,Número de informantes do preço do leite,118225,Total,115236,Total do trimestre
3,Unidade da Federação,,,...,35,São Paulo,201802,2º trimestre 2018,2522,Preço médio,118225,Total,115236,Total do trimestre
3,Unidade da Federação,1020,Unidades,155,35,São Paulo,201803,3º trimestre 2018,151,Número de informantes,118225,Total,115236,Total do trimestre
3,Unidade da Federação,25,Mil litros,704061,35,São Paulo,201803,3º trimestre 2018,282,"Quantidade de leite cru, resfriado ou não, adquirido",118225,Total,115236,Total do trimestre
3,Unidade da Federação,25,Mil litros,703167,35,São Paulo,201803,3º trimestre 2018,283,"Quantidade de leite cru, resfriado ou não, industrializado",118225,Total,115236,Total do trimestre
3,Unidade da Federação,,,...,35,São Paulo,201803,3º trimestre 2018,396,Número de informantes do preço do leite,118225,Total,115236,Total do trimestre
3,Unidade da Federação,,,...,35,São Paulo,201803,3º trimestre 2018,2522,Preço médio,118225,Total,115236,Total do trimestre
3,Unidade da Federação,1020,Unidades,159,35,São Paulo,201804,4º trimestre 2018,151,Número de informantes,118225,Total,115236,Total do trimestre
3,Unidade da Federação,25,Mil litros,722813,35,São Paulo,201804,4º trimestre 2018,282,"Quantidade de leite cru, resfriado ou não, adquirido",118225,Total,115236,Total do trimestre
3,Unidade da Federação,25,Mil litros,719204,35,São Paulo,201804,4º trimestre 2018,283,"Quantidade de leite cru, resfriado ou não, industrializado",118225,Total,115236,Total do trimestre
3,Unidade da Federação,,,...,35,São Paulo,201804,4º trimestre 2018,396,Número de informantes do preço do leite,118225,Total,115236,Total do trimestre
3,Unidade da Federação,,,...,35,São Paulo,201804,4º trimestre 2018,2522,Preço médio,118225,Total,115236,Total do trimestre
3,Unidade da Federação,1020,Unidades,170,35,São Paulo,201901,1º trimestre 2019,151,Número de informantes,118225,Total,115236,Total do trimestre
3,Unidade da Federação,25,Mil litros,673025,35,São Paulo,201901,1º trimestre 2019,282,"Quantidade de leite cru, resfriado ou não, adquirido",118225,Total,115236,Total do trimestre
3,Unidade da Federação,25,Mil litros,672312,35,São Paulo,201901,1º trimestre 2019,283,"Quantidade de leite cru, resfriado ou não, industrializado",118225,Total,115236,Total do trimestre
3,Unidade da Federação,1020,Unidades,100,35,São Paulo,201901,1º trimestre 2019,396,Número de informantes do preço do leite,118225,Total,115236,Total do trimestre
3,Unidade da Federação,1760,Reais por litro,1.46,35,São Paulo,201901,1º trimestre 2019,2522,Preço médio,118225,Total,115236,Total do trimestre
3,Unidade da Federação,1020,Unidades,172,35,São Paulo,201902,2º trimestre 2019,151,Número de informantes,118225,Total,115236,Total do trimestre
3,Unidade da Federação,25,Mil litros,662688,35,São Paulo,201902,2º trimestre 2019,282,"Quantidade de leite cru, resfriado ou não, adquirido",118225,Total,115236,Total do trimestre
3,Unidade da Federação,25,Mil litros,662058,35,São Paulo,201902,2º trimestre 2019,283,"Quantidade de leite cru, resfriado ou não, industrializado",118225,Total,115236,Total do trimestre
3,Unidade da Federação,1020,Unidades,110,35,São Paulo,201902,2º trimestre 2019,396,Número de informantes do preço do leite,118225,Total,115236,Total do trimestre
3,Unidade da Federação,1760,Reais por litro,1.47,35,São Paulo,201902,2º trimestre 2019,2522,Preço médio,118225,Total,115236,Total do trimestre
3,Unidade da Federação,1020,Unidades,170,35,São Paulo,201903,3º trimestre 2019,151,Número de informantes,118225,Total,115236,Total do trimestre
3,Unidade da Federação,25,Mil litros,691248,35,São Paulo,201903,3º trimestre 2019,282,"Quantidade de leite cru, resfriado ou não, adquirido",118225,Total,115236,Total do trimestre
3,Unidade da Federação,25,Mil litros,689424,35,São Paulo,201903,3º trimestre 2019,283,"Quantidade de leite cru, resfriado ou não, industrializado",118225,Total,115236,Total do trimestre
3,Unidade da Federação,1020,Unidades,103,35,São Paulo,201903,3º trimestre 2019,396,Número de informantes do preço do leite,118225,Total,115236,Total do trimestre
3,Unidade da Federação,1760,Reais por litro,1.49,35,São Paulo,201903,3º trimestre 2019,2522,Preço médio,118225,Total,115236,Total do trimestre
3,Unidade da Federação,1020,Unidades,173,35,São Paulo,201904,4º trimestre 2019,151,Número de informantes,118225,Total,115236,Total do trimestre
3,Unidade da Federação,25,Mil litros,759449,35,São Paulo,201904,4º trimestre 2019,282,"Quantidade de leite cru, resfriado ou não, adquirido",118225,Total,115236,Total do trimestre
3,Unidade da Federação,25,Mil litros,758107,35,São Paulo,201904,4º trimestre 2019,283,"Quantidade de leite cru, resfriado ou não, industrializado",118225,Total,115236,Total do trimestre
3,Unidade da Federação,1020,Unidades,110,35,São Paulo,201904,4º trimestre 2019,396,Número de informantes do preço do leite,118225,Total,115236,Total do trimestre
3,Unidade da Federação,1760,Reais por litro,1.49,35,São Paulo,201904,4º trimestre 2019,2522,Preço médio,118225,Total,115236,Total do trimestre
3,Unidade da Federação,1020,Unidades,172,35,São Paulo,202001,1º trimestre 2020,151,Número de informantes,118225,Total,115236,Total do trimestre
3,Unidade da Federação,25,Mil litros,694612,35,São Paulo,202001,1º trimestre 2020,282,"Quantidade de leite cru, resfriado ou não, adquirido",118225,Total,115236,Total do trimestre
3,Unidade da Federação,25,Mil litros,694880,35,São Paulo,202001,1º trimestre 2020,283,"Quantidade de leite cru, resfriado ou não, industrializado",118225,Total,115236,Total do trimestre
3,Unidade da Federação,1020,Unidades,142,35,São Paulo,202001,1º trimestre 2020,396,Número de informantes do preço do leite,118225,Total,115236,Total do trimestre
3,Unidade da Federação,1760,Reais por litro,1.48,35,São Paulo,202001,1º trimestre 2020,2522,Preço médio,118225,Total,115236,Total do trimestre
3,Unidade da Federação,1020,Unidades,166,35,São Paulo,202002,2º trimestre 2020,151,Número de informantes,118225,Total,115236,Total do trimestre
3,Unidade da Federação,25,Mil litros,656270,35,São Paulo,202002,2º trimestre 2020,282,"Quantidade de leite cru, resfriado ou não, adquirido",118225,Total,115236,Total do trimestre
3,Unidade da Federação,25,Mil litros,630539,35,São Paulo,202002,2º trimestre 2020,283,"Quantidade de leite cru, resfriado ou não, industrializado",118225,Total,115236,Total do trimestre
3,Unidade da Federação,1020,Unidades,140,35,São Paulo,202002,2º trimestre 2020,396,Número de informantes do preço do leite,118225,Total,115236,Total do trimestre
3,Unidade da Federação,1760,Reais por litro,1.55,35,São Paulo,202002,2º trimestre 2020,2522,Preço médio,118225,Total,115236,Total do trimestre
3,Unidade da Federação,1020,Unidades,166,35,São Paulo,202003,3º trimestre 2020,151,Número de informantes,118225,Total,115236,Total do trimestre
3,Unidade da Federação,25,Mil litros,699341,35,São Paulo,202003,3º trimestre 2020,282,"Quantidade de leite cru, resfriado ou não, adquirido",118225,Total,115236,Total do trimestre
3,Unidade da Federação,25,Mil litros,698954,35,São Paulo,202003,3º trimestre 2020,283,"Quantidade de leite cru, resfriado ou não, industrializado",118225,Total,115236,Total do trimestre
3,Unidade da Federação,1020,Unidades,139,35,São Paulo,202003,3º trimestre 2020,396,Número de informantes do preço do leite,118225,Total,115236,Total do trimestre
3,Unidade da Federação,1760,Reais por litro,1.96,35,São Paulo,202003,3º trimestre 2020,2522,Preço médio,118225,Total,115236,Total do trimestre
3,Unidade da Federação,1020,Unidades,166,35,São Paulo,202004,4º trimestre 2020,151,Número de informantes,118225,Total,115236,Total do trimestre
3,Unidade da Federação,25,Mil litros,698926,35,São Paulo,202004,4º trimestre 2020,282,"Quantidade de leite cru, resfriado ou não, adquirido",118225,Total,115236,Total do trimestre
3,Unidade da Federação,25,Mil litros,698944,35,São Paulo,202004,4º trimestre 2020,283,"Quantidade de leite cru, resfriado ou não, industrializado",118225,Total,115236,Total do trimestre
3,Unidade da Federação,1020,Unidades,139,35,São Paulo,202004,4º trimestre 2020,396,Número de informantes do preço do leite,118225,Total,115236,Total do trimestre
3,Unidade da Federação,1760,Reais por litro,2.09,35,São Paulo,202004,4º trimestre 2020,2522,Preço médio,118225,Total,115236,Total do trimestre
3,Unidade da Federação,1020,Unidades,161,35,São Paulo,202101,1º trimestre 2021,151,Número de informantes,118225,Total,115236,Total do trimestre
3,Unidade da Federação,25,Mil litros,654844,35,São Paulo,202101,1º trimestre 2021,282,"Quantidade de leite cru, resfriado ou não, adquirido",118225,Total,115236,Total do trimestre
3,Unidade da Federação,25,Mil litros,655309,35,São Paulo,202101,1º trimestre 2021,283,"Quantidade de leite cru, resfriado ou não, industrializado",118225,Total,115236,Total do trimestre
3,Unidade da Federação,1020,Unidades,137,35,São Paulo,202101,1º trimestre 2021,396,Número de informantes do preço do leite,118225,Total,115236,Total do trimestre
3,Unidade da Federação,1760,Reais por litro,2.04,35,São Paulo,202101,1º trimestre 2021,2522,Preço médio,118225,Total,115236,Total do trimestre
3,Unidade da Federação,1020,Unidades,158,35,São Paulo,202102,2º trimestre 2021,151,Número de informantes,118225,Total,115236,Total do trimestre
3,Unidade da Federação,25,Mil litros,618074,35,São Paulo,202102,2º trimestre 2021,282,"Quantidade de leite cru, resfriado ou não, adquirido",118225,Total,115236,Total do trimestre
3,Unidade da Federação,25,Mil litros,617857,35,São Paulo,202102,2º trimestre 2021,283,"Quantidade de leite cru, resfriado ou não, industrializado",118225,Total,115236,Total do trimestre
3,Unidade da Federação,1020,Unidades,135,35,São Paulo,202102,2º trimestre 2021,396,Número de informantes do preço do leite,118225,Total,115236,Total do trimestre
3,Unidade da Federação,1760,Reais por litro,2.24,35,São Paulo,202102,2º trimestre 2021,2522,Preço médio,118225,Total,115236,Total do trimestre
3,Unidade da Federação,1020,Unidades,158,35,São Paulo,202103,3º trimestre 2021,151,Número de informantes,118225,Total,115236,Total do trimestre
3,Unidade da Federação,25,Mil litros,651327,35,São Paulo,202103,3º trimestre 2021,282,"Quantidade de leite cru, resfriado ou não, adquirido",118225,Total,115236,Total do trimestre
3,Unidade da Federação,25,Mil litros,652032,35,São Paulo,202103,3º trimestre 2021,283,"Quantidade de leite cru, resfriado ou não, industrializado",118225,Total,115236,Total do trimestre
3,Unidade da Federação,1020,Unidades,140,35,São Paulo,202103,3º trimestre 2021,396,Número de informantes do preço do leite,118225,Total,115236,Total do trimestre
3,Unidade da Federação,1760,Reais por litro,2.47,35,São Paulo,202103,3º trimestre 2021,2522,Preço médio,118225,Total,115236,Total do trimestre
3,Unidade da Federação,1020,Unidades,157,35,São Paulo,202104,4º trimestre 2021,151,Número de informantes,118225,Total,115236,Total do trimestre
3,Unidade da Federação,25,Mil litros,643692,35,São Paulo,202104,4º trimestre 2021,282,"Quantidade de leite cru, resfriado ou não, adquirido",118225,Total,115236,Total do trimestre
3,Unidade da Federação,25,Mil litros,643472,35,São Paulo,202104,4º trimestre 2021,283,"Quantidade de leite cru, resfriado ou não, industrializado",118225,Total,115236,Total do trimestre
3,Unidade da Federação,1020,Unidades,135,35,São Paulo,202104,4º trimestre 2021,396,Número de informantes do preço do leite,118225,Total,115236,Total do trimestre
3,Unidade da Federação,1760,Reais por litro,2.18,35,São Paulo,202104,4º trimestre 2021,2522,Preço médio,118225,Total,115236,Total do trimestre
3,Unidade da Federação,1020,Unidades,155,35,São Paulo,202201,1º trimestre 2022,151,Número de informantes,118225,Total,115236,Total do trimestre
3,Unidade da Federação,25,Mil litros,591040,35,São Paulo,202201,1º trimestre 2022,282,"Quantidade de leite cru, resfriado ou não, adquirido",118225,Total,115236,Total do trimestre
3,Unidade da Federação,25,Mil litros,591175,35,São Paulo,202201,1º trimestre 2022,283,"Quantidade de leite cru, resfriado ou não, industrializado",118225,Total,115236,Total do trimestre
3,Unidade da Federação,1020,Unidades,137,35,São Paulo,202201,1º trimestre 2022,396,Número de informantes do preço do leite,118225,Total,115236,Total do trimestre
3,Unidade da Federação,1760,Reais por litro,2.29,35,São Paulo,202201,1º trimestre 2022,2522,Preço médio,118225,Total,115236,Total do trimestre
3,Unidade da Federação,1020,Unidades,156,35,São Paulo,202202,2º trimestre 2022,151,Número de informantes,118225,Total,115236,Total do trimestre
3,Unidade da Federação,25,Mil litros,584711,35,São Paulo,202202,2º trimestre 2022,282,"Quantidade de leite cru, resfriado ou não, adquirido",118225,Total,115236,Total do trimestre
3,Unidade da Federação,25,Mil litros,584760,35,São Paulo,202202,2º trimestre 2022,283,"Quantidade de leite cru, resfriado ou não, industrializado",118225,Total,115236,Total do trimestre
3,Unidade da Federação,1020,Unidades,140,35,São Paulo,202202,2º trimestre 2022,396,Número de informantes do preço do leite,118225,Total,115236,Total do trimestre
3,Unidade da Federação,1760,Reais por litro,2.82,35,São Paulo,202202,2º trimestre 2022,2522,Preço médio,118225,Total,115236,Total do trimestre
3,Unidade da Federação,1020,Unidades,152,35,São Paulo,202203,3º trimestre 2022,151,Número de informantes,118225,Total,115236,Total do trimestre
3,Unidade da Federação,25,Mil litros,612026,35,São Paulo,202203,3º trimestre 2022,282,"Quantidade de leite cru, resfriado ou não, adquirido",118225,Total,115236,Total do trimestre
3,Unidade da Federação,25,Mil litros,612615,35,São Paulo,202203,3º trimestre 2022,283,"Quantidade de leite cru, resfriado ou não, industrializado",118225,Total,115236,Total do trimestre
3,Unidade da Federação,1020,Unidades,137,35,São Paulo,202203,3º trimestre 2022,396,Número de informantes do preço do leite,118225,Total,115236,Total do trimestre
3,Unidade da Federação,1760,Reais por litro,3.31,35,São Paulo,202203,3º trimestre 2022,2522,Preço médio,118225,Total,115236,Total do trimestre
3,Unidade da Federação,1020,Unidades,146,35,São Paulo,202204,4º trimestre 2022,151,Número de informantes,118225,Total,115236,Total do trimestre
3,Unidade da Federação,25,Mil litros,616739,35,São Paulo,202204,4º trimestre 2022,282,"Quantidade de leite cru, resfriado ou não, adquirido",118225,Total,115236,Total do trimestre
3,Unidade da Federação,25,Mil litros,616162,35,São Paulo,202204,4º trimestre 2022,283,"Quantidade de leite cru, resfriado ou não, industrializado",118225,Total,115236,Total do trimestre
3,Unidade da Federação,1020,Unidades,130,35,São Paulo,202204,4º trimestre 2022,396,Número de informantes do preço do leite,118225,Total,115236,Total do trimestre
3,Unidade da Federação,1760,Reais por litro,2.74,35,São Paulo,202204,4º trimestre 2022,2522,Preço médio,118225,Total,115236,Total do trimestre
3,Unidade da Federação,1020,Unidades,141,35,São Paulo,202301,1º trimestre 2023,151,Número de informantes,118225,Total,115236,Total do trimestre
3,Unidade da Federação,25,Mil litros,586051,35,São Paulo,202301,1º trimestre 2023,282,"Quantidade de leite cru, resfriado ou não, adquirido",118225,Total,115236,Total do trimestre
3,Unidade da Federação,25,Mil litros,582390,35,São Paulo,202301,1º trimestre 2023,283,"Quantidade de leite cru, resfriado ou não, industrializado",118225,Total,115236,Total do trimestre
3,Unidade da Federação,1020,Unidades,125,35,São Paulo,202301,1º trimestre 2023,396,Número de informantes do preço do leite,118225,Total,115236,Total do trimestre
3,Unidade da Federação,1760,Reais por litro,2.82,35,São Paulo,202301,1º trimestre 2023,2522,Preço médio,118225,Total,115236,Total do trimestre
3,Unidade da Federação,1020,Unidades,142,35,São Paulo,202302,2º trimestre 2023,151,Número de informantes,118225,Total,115236,Total do trimestre
3,Unidade da Federação,25,Mil litros,555348,35,São Paulo,202302,2º trimestre 2023,282,"Quantidade de leite cru, resfriado ou não, adquirido",118225,Total,115236,Total do trimestre
3,Unidade da Federação,25,Mil litros,551628,35,São Paulo,202302,2º trimestre 2023,283,"Quantidade de leite cru, resfriado ou não, industrializado",118225,Total,115236,Total do trimestre
3,Unidade da Federação,1020,Unidades,126,35,São Paulo,202302,2º trimestre 2023,396,Número de informantes do preço do leite,118225,Total,115236,Total do trimestre
3,Unidade da Federação,1760,Reais por litro,2.86,35,São Paulo,202302,2º trimestre 2023,2522,Preço médio,118225,Total,115236,Total do trimestre
3,Unidade da Federação,1020,Unidades,139,35,São Paulo,202303,3º trimestre 2023,151,Número de informantes,118225,Total,115236,Total do trimestre
3,Unidade da Federação,25,Mil litros,564425,35,São Paulo,202303,3º trimestre 2023,282,"Quantidade de leite cru, resfriado ou não, adquirido",118225,Total,115236,Total do trimestre
3,Unidade da Federação,25,Mil litros,562489,35,São Paulo,202303,3º trimestre 2023,283,"Quantidade de leite cru, resfriado ou não, industrializado",118225,Total,115236,Total do trimestre
3,Unidade da Federação,1020,Unidades,122,35,São Paulo,202303,3º trimestre 2023,396,Número de informantes do preço do leite,118225,Total,115236,Total do trimestre
3,Unidade da Federação,1760,Reais por litro,2.51,35,São Paulo,202303,3º trimestre 2023,2522,Preço médio,118225,Total,115236,Total do trimestre
3,Unidade da Federação,1020,Unidades,146,35,São Paulo,202304,4º trimestre 2023,151,Número de informantes,118225,Total,115236,Total do trimestre
3,Unidade da Federação,25,Mil litros,583533,35,São Paulo,202304,4º trimestre 2023,282,"Quantidade de leite cru, resfriado ou não, adquirido",118225,Total,115236,Total do trimestre
3,Unidade da Federação,25,Mil litros,584234,35,São Paulo,202304,4º trimestre 2023,283,"Quantidade de leite cru, resfriado ou não, industrializado",118225,Total,115236,Total do trimestre
3,Unidade da Federação,1020,Unidades,126,35,São Paulo,202304,4º trimestre 2023,396,Número de informantes do preço do leite,118225,Total,115236,Total do trimestre
3,Unidade da Federação,1760,Reais por litro,2.22,35,São Paulo,202304,4º trimestre 2023,2522,Preço médio,118225,Total,115236,Total do trimestre
3,Unidade da Federação,1020,Unidades,148,35,São Paulo,202401,1º trimestre 2024,151,Número de informantes,118225,Total,115236,Total do trimestre
3,Unidade da Federação,25,Mil litros,547469,35,São Paulo,202401,1º trimestre 2024,282,"Quantidade de leite cru, resfriado ou não, adquirido",118225,Total,115236,Total do trimestre
3,Unidade da Federação,25,Mil litros,547525,35,São Paulo,202401,1º trimestre 2024,283,"Quantidade de leite cru, resfriado ou não, industrializado",118225,Total,115236,Total do trimestre
3,Unidade da Federação,1020,Unidades,133,35,São Paulo,202401,1º trimestre 2024,396,Número de informantes do preço do leite,118225,Total,115236,Total do trimestre
3,Unidade da Federação,1760,Reais por litro,2.34,35,São Paulo,202401,1º trimestre 2024,2522,Preço médio,118225,Total,115236,Total do trimestre
3,Unidade da Federação,1020,Unidades,151,35,São Paulo,202402,2º trimestre 2024,151,Número de informantes,118225,Total,115236,Total do trimestre
3,Unidade da Federação,25,Mil litros,550044,35,São Paulo,202402,2º trimestre 2024,282,"Quantidade de leite cru, resfriado ou não, adquirido",118225,Total,115236,Total do trimestre
3,Unidade da Federação,25,Mil litros,550030,35,São Paulo,202402,2º trimestre 2024,283,"Quantidade de leite cru, resfriado ou não, industrializado",118225,Total,115236,Total do trimestre
3,Unidade da Federação,1020,Unidades,138,35,São Paulo,202402,2º trimestre 2024,396,Número de informantes do preço do leite,118225,Total,115236,Total do trimestre
3,Unidade da Federação,1760,Reais por litro,2.71,35,São Paulo,202402,2º trimestre 2024,2522,Preço médio,118225,Total,115236,Total do trimestre
3,Unidade da Federação,1020,Unidades,151,35,São Paulo,202403,3º trimestre 2024,151,Número de informantes,118225,Total,115236,Total do trimestre
3,Unidade da Federação,25,Mil litros,567991,35,São Paulo,202403,3º trimestre 2024,282,"Quantidade de leite cru, resfriado ou não, adquirido",118225,Total,115236,Total do trimestre
3,Unidade da Federação,25,Mil litros,568147,35,São Paulo,202403,3º trimestre 2024,283,"Quantidade de leite cru, resfriado ou não, industrializado",118225,Total,115236,Total do trimestre
3,Unidade da Federação,1020,Unidades,137,35,São Paulo,202403,3º trimestre 2024,396,Número de informantes do preço do leite,118225,Total,115236,Total do trimestre
3,Unidade da Federação,1760,Reais por litro,2.92,35,São Paulo,202403,3º trimestre 2024,2522,Preço médio,118225,Total,115236,Total do trimestre
3,Unidade da Federação,1020,Unidades,148,35,São Paulo,202404,4º trimestre 2024,151,Número de informantes,118225,Total,115236,Total do trimestre
3,Unidade da Federação,25,Mil litros,572942,35,São Paulo,202404,4º trimestre 2024,282,"Quantidade de leite cru, resfriado ou não, adquirido",118225,Total,115236,Total do trimestre
3,Unidade da Federação,25,Mil litros,573145,35,São Paulo,202404,4º trimestre 2024,283,"Quantidade de leite cru, resfriado ou não, industrializado",118225,Total,115236,Total do trimestre
3,Unidade da Federação,1020,Unidades,132,35,São Paulo,202404,4º trimestre 2024,396,Número de informantes do preço do leite,118225,Total,115236,Total do trimestre
3,Unidade da Federação,1760,Reais por litro,2.80,35,São Paulo,202404,4º trimestre 2024,2522,Preço médio,118225,Total,115236,Total do trimestre
3,Unidade da Federação,1020,Unidades,149,35,São Paulo,202501,1º trimestre 2025,151,Número de informantes,118225,Total,115236,Total do trimestre
3,Unidade da Federação,25,Mil litros,550216,35,São Paulo,202501,1º trimestre 2025,282,"Quantidade de leite cru, resfriado ou não, adquirido",118225,Total,115236,Total do trimestre
3,Unidade da Federação,25,Mil litros,550710,35,São Paulo,202501,1º trimestre 2025,283,"Quantidade de leite cru, resfriado ou não, industrializado",118225,Total,115236,Total do trimestre
3,Unidade da Federação,1020,Unidades,132,35,São Paulo,202501,1º trimestre 2025,396,Número de informantes do preço do leite,118225,Total,115236,Total do trimestre
3,Unidade da Federação,1760,Reais por litro,2.84,35,São Paulo,202501,1º trimestre 2025,2522,Preço médio,118225,Total,115236,Total do trimestre
